Workbook
Name DadosExternos_1: Sabia!$A$1:$O$19
Name DadosExternos_1: metricas_media!$A$1:$O$235
Name DadosExternos_1: Phi!$A$1:$O$37
Name DadosExternos_1: 'gabmetricas_redações_diplomatas'!$A$1:$O$235
Name DadosExternos_1: Llama!$A$1:$O$37
Name DadosExternos_1: Gemma!$A$1:$O$37
Name DadosExternos_1: Command!$A$1:$O$19
Name DadosExternos_1: Qwen!$A$1:$O$37
Name DadosExternos_1: 'metricas_redações_diplomatas'!$A$1:$O$235
Name DadosExternos_1: Mixtral!$A$1:$O$37
Name DadosExternos_1: GPT!$A$1:$O$19

Sheet metricas_redações_diplomatas
A1: id | B1: modification_type | C1: generator_model | D1: BLEU_score | E1: BERTScore_Precision | F1: BERTScore_Recall | G1: BERTScore_F1 | H1: rouge1 | I1: rouge2 | J1: rougeL | K1: rougeLsum | L1: CTC_groundness | M1: CTC_groundness_ref | N1: CTC_factual | O1: CTC_factual_ref
A2: 0_Ana Luiza | B2: texto_prompt_0 | C2: gpt4o_temp03 | D2: 0.090745485 | E2: 0.75012708 | F2: 0.75142026 | G2: 0.75077313 | H2: 0.53077302 | I2: 0.17841301 | J2: 0.19005416 | K2: 0.28163466 | L2: 0 | M2: 0 | N2: 0.99999994 | O2: 0.82713348
A3: 0_Ana Luiza | B3: texto_prompt_0 | C3: gpt4o_temp05 | D3: 0.094385792 | E3: 0.74998558 | F3: 0.75218433 | G3: 0.75108337 | H3: 0.53071253 | I3: 0.17314314 | J3: 0.19262899 | K3: 0.28206388 | L3: 0 | M3: 0 | N3: 0.99999994 | O3: 0.82713348
A4: 0_Ana Luiza | B4: texto_prompt_0 | C4: gpt4o_temp07 | D4: 0.088738595 | E4: 0.75095534 | F4: 0.7501893 | G4: 0.75057214 | H4: 0.53100597 | I4: 0.1691954 | J4: 0.19384474 | K4: 0.28479559 | L4: 0 | M4: 0 | N4: 0.99999994 | O4: 0.82713348
A5: 0_Ana Luiza | B5: texto_prompt_0 | C5: command_r_plus_08_2024_temp03 | D5: 0.070257996 | E5: 0.73955077 | F5: 0.73888868 | G5: 0.73921955 | H5: 0.51017964 | I5: 0.16906475 | J5: 0.18562874 | K5: 0.28263473 | L5: 0 | M5: 0 | N5: 0.99999994 | O5: 0.82713348
A6: 0_Ana Luiza | B6: texto_prompt_0 | C6: command_r_plus_08_2024_temp05 | D6: 0.071549664 | E6: 0.73747015 | F6: 0.73935527 | G6: 0.73841149 | H6: 0.50630011 | I6: 0.15137615 | J6: 0.20274914 | K6: 0.27720504 | L6: 0 | M6: 0 | N6: 0.99999994 | O6: 0.82713348
A7: 0_Ana Luiza | B7: texto_prompt_0 | C7: command_r_plus_08_2024_temp07 | D7: 0.060182739 | E7: 0.75066757 | F7: 0.74399567 | G7: 0.74731678 | H7: 0.4852071 | I7: 0.13744076 | J7: 0.19053254 | K7: 0.29230769 | L7: 0 | M7: 0 | N7: 0.99999994 | O7: 0.82713348
A8: 0_Ana Luiza | B8: texto_prompt_0 | C8: gemma_27b_temp03 | D8: 0.056423145 | E8: 0.7438938 | F8: 0.7367084 | G8: 0.74028367 | H8: 0.47607053 | I8: 0.15762926 | J8: 0.17884131 | K8: 0.26952141 | L8: 0 | M8: 0 | N8: 0.99999994 | O8: 0.82713348
A9: 0_Ana Luiza | B9: texto_prompt_0 | C9: gemma_27b_temp05 | D9: 0.055889326 | E9: 0.7473039 | F9: 0.73746061 | G9: 0.74234957 | H9: 0.46857143 | I9: 0.15511761 | J9: 0.1752381 | K9: 0.26793651 | L9: 0 | M9: 0 | N9: 0.99999994 | O9: 0.82713348
A10: 0_Ana Luiza | B10: texto_prompt_0 | C10: gemma_27b_temp07 | D10: 0.055889326 | E10: 0.7473039 | F10: 0.73746061 | G10: 0.74234957 | H10: 0.46857143 | I10: 0.15511761 | J10: 0.1752381 | K10: 0.26793651 | L10: 0 | M10: 0 | N10: 0.99999994 | O10: 0.82713348
A11: 0_Ana Luiza | B11: texto_prompt_0 | C11: gemma_9b_temp03 | D11: 0.057153719 | E11: 0.75805134 | F11: 0.75195205 | G11: 0.75498939 | H11: 0.48188175 | I11: 0.15404201 | J11: 0.20470439 | K11: 0.2619199 | L11: 0 | M11: 0 | N11: 0.99999994 | O11: 0.82713348
A12: 0_Ana Luiza | B12: texto_prompt_0 | C12: gemma_9b_temp05 | D12: 0.051347904 | E12: 0.75961924 | F12: 0.74994045 | G12: 0.75474882 | H12: 0.49044586 | I12: 0.16071429 | J12: 0.20382166 | K12: 0.2611465 | L12: 0 | M12: 0 | N12: 0.99999994 | O12: 0.82713348
A13: 0_Ana Luiza | B13: texto_prompt_0 | C13: gemma_9b_temp07 | D13: 0.047294785 | E13: 0.75837189 | F13: 0.74990022 | G13: 0.75411224 | H13: 0.48063033 | I13: 0.16305062 | J13: 0.19829284 | K13: 0.26526592 | L13: 0 | M13: 0 | N13: 0.99999994 | O13: 0.82713348
... A235: 5_Pedro Guilherme | B235: texto_prompt_0 | C235: sabia3_temp07 | D235: 0.069367757 | E235: 0.74829322 | F235: 0.72431046 | G235: 0.73610651 | H235: 0.54924515 | I235: 0.18718503 | J235: 0.1984184 | K235: 0.30050324 | L235: 0 | M235: 0 | N235: 0.99999994 | O235: 0.99999994

Sheet gabmetricas_redações_diplomatas
A1: id | B1: modification_type | C1: generator_model | D1: BLEU_score | E1: BERTScore_Precision | F1: BERTScore_Recall | G1: BERTScore_F1 | H1: rouge1 | I1: rouge2 | J1: rougeL | K1: rougeLsum | L1: CTC_groundness | M1: CTC_groundness_ref | N1: CTC_factual | O1: CTC_factual_ref
A2: 0_Ana Luiza | B2: texto_prompt_0 | C2: gpt4o_temp03 | D2: 0.090745485 | E2: 0.75012708 | F2: 0.75142026 | G2: 0.75077313 | H2: 0.53077302 | I2: 0.17841301 | J2: 0.19005416 | K2: 0.28163466 | L2: 0 | M2: 0 | N2: 0.99999994 | O2: 0.82713348
A3: 0_Ana Luiza | B3: texto_prompt_0 | C3: gpt4o_temp05 | D3: 0.094385792 | E3: 0.74998558 | F3: 0.75218433 | G3: 0.75108337 | H3: 0.53071253 | I3: 0.17314314 | J3: 0.19262899 | K3: 0.28206388 | L3: 0 | M3: 0 | N3: 0.99999994 | O3: 0.82713348
A4: 0_Ana Luiza | B4: texto_prompt_0 | C4: gpt4o_temp07 | D4: 0.088738595 | E4: 0.75095534 | F4: 0.7501893 | G4: 0.75057214 | H4: 0.53100597 | I4: 0.1691954 | J4: 0.19384474 | K4: 0.28479559 | L4: 0 | M4: 0 | N4: 0.99999994 | O4: 0.82713348
A5: 0_Ana Luiza | B5: texto_prompt_0 | C5: command_r_plus_08_2024_temp03 | D5: 0.070257996 | E5: 0.73955077 | F5: 0.73888868 | G5: 0.73921955 | H5: 0.51017964 | I5: 0.16906475 | J5: 0.18562874 | K5: 0.28263473 | L5: 0 | M5: 0 | N5: 0.99999994 | O5: 0.82713348
A6: 0_Ana Luiza | B6: texto_prompt_0 | C6: command_r_plus_08_2024_temp05 | D6: 0.071549664 | E6: 0.73747015 | F6: 0.73935527 | G6: 0.73841149 | H6: 0.50630011 | I6: 0.15137615 | J6: 0.20274914 | K6: 0.27720504 | L6: 0 | M6: 0 | N6: 0.99999994 | O6: 0.82713348
A7: 0_Ana Luiza | B7: texto_prompt_0 | C7: command_r_plus_08_2024_temp07 | D7: 0.060182739 | E7: 0.75066757 | F7: 0.74399567 | G7: 0.74731678 | H7: 0.4852071 | I7: 0.13744076 | J7: 0.19053254 | K7: 0.29230769 | L7: 0 | M7: 0 | N7: 0.99999994 | O7: 0.82713348
A8: 0_Ana Luiza | B8: texto_prompt_0 | C8: gemma_27b_temp03 | D8: 0.056423145 | E8: 0.7438938 | F8: 0.7367084 | G8: 0.74028367 | H8: 0.47607053 | I8: 0.15762926 | J8: 0.17884131 | K8: 0.26952141 | L8: 0 | M8: 0 | N8: 0.99999994 | O8: 0.82713348
A9: 0_Ana Luiza | B9: texto_prompt_0 | C9: gemma_27b_temp05 | D9: 0.055889326 | E9: 0.7473039 | F9: 0.73746061 | G9: 0.74234957 | H9: 0.46857143 | I9: 0.15511761 | J9: 0.1752381 | K9: 0.26793651 | L9: 0 | M9: 0 | N9: 0.99999994 | O9: 0.82713348
A10: 0_Ana Luiza | B10: texto_prompt_0 | C10: gemma_27b_temp07 | D10: 0.055889326 | E10: 0.7473039 | F10: 0.73746061 | G10: 0.74234957 | H10: 0.46857143 | I10: 0.15511761 | J10: 0.1752381 | K10: 0.26793651 | L10: 0 | M10: 0 | N10: 0.99999994 | O10: 0.82713348
A11: 0_Ana Luiza | B11: texto_prompt_0 | C11: gemma_9b_temp03 | D11: 0.057153719 | E11: 0.75805134 | F11: 0.75195205 | G11: 0.75498939 | H11: 0.48188175 | I11: 0.15404201 | J11: 0.20470439 | K11: 0.2619199 | L11: 0 | M11: 0 | N11: 0.99999994 | O11: 0.82713348
A12: 0_Ana Luiza | B12: texto_prompt_0 | C12: gemma_9b_temp05 | D12: 0.051347904 | E12: 0.75961924 | F12: 0.74994045 | G12: 0.75474882 | H12: 0.49044586 | I12: 0.16071429 | J12: 0.20382166 | K12: 0.2611465 | L12: 0 | M12: 0 | N12: 0.99999994 | O12: 0.82713348
A13: 0_Ana Luiza | B13: texto_prompt_0 | C13: gemma_9b_temp07 | D13: 0.047294785 | E13: 0.75837189 | F13: 0.74990022 | G13: 0.75411224 | H13: 0.48063033 | I13: 0.16305062 | J13: 0.19829284 | K13: 0.26526592 | L13: 0 | M13: 0 | N13: 0.99999994 | O13: 0.82713348
... A235: 5_Pedro Guilherme | B235: texto_prompt_0 | C235: sabia3_temp07 | D235: 0.069367757 | E235: 0.74829322 | F235: 0.72431046 | G235: 0.73610651 | H235: 0.54924515 | I235: 0.18718503 | J235: 0.1984184 | K235: 0.30050324 | L235: 0 | M235: 0 | N235: 0.99999994 | O235: 0.99999994

Sheet metricas_media
A1: id | B1: modification_type | C1: generator_model | D1: BLEU_score | E1: BERTScore_Precision | F1: BERTScore_Recall | G1: BERTScore_F1 | H1: rouge1 | I1: rouge2 | J1: rougeL | K1: rougeLsum | L1: CTC_groundness | M1: CTC_groundness_ref | N1: CTC_factual | O1: CTC_factual_ref | Q1: Médias
A2: 0_Ana Luiza | B2: texto_prompt_0 | C2: command_r_plus_08_2024_temp03 | D2: 0.070257996 | E2: 0.73955077 | F2: 0.73888868 | G2: 0.73921955 | H2: 0.51017964 | I2: 0.16906475 | J2: 0.18562874 | K2: 0.28263473 | L2: 0 | M2: 0 | N2: 0.99999994 | O2: 0.82713348 | Q2: Modelo | R2: Bleu | S2: Bertscore_precision | T2: Bertscore_Recall | U2: Bertscore_F1 | V2: Rouge1 | W2: Rouge2 | X2: RougeL | Y2: RougeLsum | Z2: CTC_Factual | AA2: CTC_FactualRef
A3: 1_Gabriel Joaquim | B3: texto_prompt_0 | C3: command_r_plus_08_2024_temp03 | D3: 0.048696623 | E3: 0.71414721 | F3: 0.69722587 | G3: 0.70558506 | H3: 0.45527452 | I3: 0.12353305 | J3: 0.17396669 | K3: 0.27760642 | L3: 0 | M3: 0 | N3: 0.99999994 | O3: 0.55453807 | Q3: Command_r_plus_08_2024_temp03 | R3: =AVERAGE(D2:D7) -> 0.061024437 | S3: =AVERAGE(E2:E7) -> 0.72392994 | T3: =AVERAGE(F2:F7) -> 0.71699755 | U3: =AVERAGE(G2:G7) -> 0.72043185 | V3: =AVERAGE(H2:H7) -> 0.47675211 | W3: =AVERAGE(I2:I7) -> 0.13532263 | X3: =AVERAGE(J2:J7) -> 0.18632606 | Y3: =AVERAGE(K2:K7) -> 0.2742143 | Z3: =AVERAGE(N2:N7) -> 0.99999994 | AA3: =AVERAGE(O2:O7) -> 0.89694522
A4: 2_Leonardo Maciura | B4: texto_prompt_0 | C4: command_r_plus_08_2024_temp03 | D4: 0.06763447 | E4: 0.73315519 | F4: 0.7267713 | G4: 0.7299493 | H4: 0.47862157 | I4: 0.14185304 | J4: 0.2003829 | K4: 0.27185705 | L4: 0 | M4: 0 | N4: 0.99999994 | O4: 0.99999994 | Q4: Command_r_plus_08_2024_temp05 | R4: =AVERAGE(D8:D13) -> 0.069589304 | S4: =AVERAGE(E8:E13) -> 0.7299664 | T4: =AVERAGE(F8:F13) -> 0.72712937 | U4: =AVERAGE(G8:G13) -> 0.72853348 | V4: =AVERAGE(H8:H13) -> 0.49455032 | W4: =AVERAGE(I8:I13) -> 0.14232316 | X4: =AVERAGE(J8:J13) -> 0.19762614 | Y4: =AVERAGE(K8:K13) -> 0.28161236 | Z4: =AVERAGE(N8:N13) -> 0.99999994 | AA4: =AVERAGE(O8:O13) -> 0.89694522
A5: 3_Mateus de Andrade | B5: texto_prompt_0 | C5: command_r_plus_08_2024_temp03 | D5: 0.039842204 | E5: 0.713539 | F5: 0.71304846 | G5: 0.71329361 | H5: 0.45076283 | I5: 0.10833333 | J5: 0.18030513 | K5: 0.24271845 | L5: 0 | M5: 0 | N5: 0.99999994 | O5: 0.99999994 | Q5: Command_r_plus_08_2024_temp07 | R5: =AVERAGE(D14:D19) -> 0.060453401 | S5: =AVERAGE(E14:E19) -> 0.73906951 | T5: =AVERAGE(F14:F19) -> 0.72763364 | U5: =AVERAGE(G14:G19) -> 0.73329574 | V5: =AVERAGE(H14:H19) -> 0.47995278 | W5: =AVERAGE(I14:I19) -> 0.12627503 | X5: =AVERAGE(J14:J19) -> 0.18976805 | Y5: =AVERAGE(K14:K19) -> 0.2798468 | Z5: =AVERAGE(N14:N19) -> 0.99999994 | AA5: =AVERAGE(O14:O19) -> 0.89694522
A6: 4_Patrícia Camargo | B6: texto_prompt_0 | C6: command_r_plus_08_2024_temp03 | D6: 0.065798616 | E6: 0.70749223 | F6: 0.70498621 | G6: 0.70623702 | H6: 0.45050215 | I6: 0.11925287 | J6: 0.18077475 | K6: 0.2697274 | L6: 0 | M6: 0 | N6: 0.99999994 | O6: 0.99999994 | Q6: gemma_27b_temp03 | R6: =AVERAGE(D20:D25) -> 0.050699594 | S6: =AVERAGE(E20:E25) -> 0.73621348 | T6: =AVERAGE(F20:F25) -> 0.72278398 | U6: =AVERAGE(G20:G25) -> 0.72942023 | V6: =AVERAGE(H20:H25) -> 0.45857887 | W6: =AVERAGE(I20:I25) -> 0.12361329 | X6: =AVERAGE(J20:J25) -> 0.18487753 | Y6: =AVERAGE(K20:K25) -> 0.27055297 | Z6: =AVERAGE(N20:N25) -> 0.99999994 | AA6: =AVERAGE(O20:O25) -> 0.89694522
A7: 5_Pedro Guilherme | B7: texto_prompt_0 | C7: command_r_plus_08_2024_temp03 | D7: 0.073916714 | E7: 0.73569524 | F7: 0.72106481 | G7: 0.72830659 | H7: 0.51517195 | I7: 0.14989872 | J7: 0.19689818 | K7: 0.30074174 | L7: 0 | M7: 0 | N7: 0.99999994 | O7: 0.99999994 | Q7: gemma_27b_temp05 | R7: =AVERAGE(D26:D31) -> 0.049876311 | S7: =AVERAGE(E26:E31) -> 0.73916959 | T7: =AVERAGE(F26:F31) -> 0.72404964 | U7: =AVERAGE(G26:G31) -> 0.73151462 | V7: =AVERAGE(H26:H31) -> 0.45445128 | W7: =AVERAGE(I26:I31) -> 0.12474439 | X7: =AVERAGE(J26:J31) -> 0.18407197 | Y7: =AVERAGE(K26:K31) -> 0.27166781 | Z7: =AVERAGE(N26:N31) -> 0.99999994 | AA7: =AVERAGE(O26:O31) -> 0.89694522
A8: 0_Ana Luiza | B8: texto_prompt_0 | C8: command_r_plus_08_2024_temp05 | D8: 0.071549664 | E8: 0.73747015 | F8: 0.73935527 | G8: 0.73841149 | H8: 0.50630011 | I8: 0.15137615 | J8: 0.20274914 | K8: 0.27720504 | L8: 0 | M8: 0 | N8: 0.99999994 | O8: 0.82713348 | Q8: gemma_27b_temp07 | R8: =AVERAGE(D32:D37) -> 0.049876311 | S8: =AVERAGE(E32:E37) -> 0.73916959 | T8: =AVERAGE(F32:F37) -> 0.72404964 | U8: =AVERAGE(G32:G37) -> 0.73151462 | V8: =AVERAGE(H32:H37) -> 0.45445128 | W8: =AVERAGE(I32:I37) -> 0.12474439 | X8: =AVERAGE(J32:J37) -> 0.18407197 | Y8: =AVERAGE(K32:K37) -> 0.27166781 | Z8: =AVERAGE(N32:N37) -> 0.99999994 | AA8: =AVERAGE(O32:O37) -> 0.89694522
A9: 1_Gabriel Joaquim | B9: texto_prompt_0 | C9: command_r_plus_08_2024_temp05 | D9: 0.058958918 | E9: 0.71727502 | F9: 0.7088846 | G9: 0.71305513 | H9: 0.47377725 | I9: 0.11563422 | J9: 0.19210371 | K9: 0.27578079 | L9: 0 | M9: 0 | N9: 0.99999994 | O9: 0.55453807 | Q9: gemma_9b_temp03 | R9: =AVERAGE(D38:D43) -> 0.060859236 | S9: =AVERAGE(E38:E43) -> 0.74591008 | T9: =AVERAGE(F38:F43) -> 0.73165295 | U9: =AVERAGE(G38:G43) -> 0.73869164 | V9: =AVERAGE(H38:H43) -> 0.47860582 | W9: =AVERAGE(I38:I43) -> 0.13631004 | X9: =AVERAGE(J38:J43) -> 0.20645161 | Y9: =AVERAGE(K38:K43) -> 0.26297034 | Z9: =AVERAGE(N38:N43) -> 0.99999994 | AA9: =AVERAGE(O38:O43) -> 0.89694522
A10: 2_Leonardo Maciura | B10: texto_prompt_0 | C10: command_r_plus_08_2024_temp05 | D10: 0.075685029 | E10: 0.73533142 | F10: 0.73179972 | G10: 0.73356134 | H10: 0.51369446 | I10: 0.14503352 | J10: 0.21180767 | K10: 0.27267194 | L10: 0 | M10: 0 | N10: 0.99999994 | O10: 0.99999994 | Q10: gemma_9b_temp05 | R10: =AVERAGE(D44:D49) -> 0.059663558 | S10: =AVERAGE(E44:E49) -> 0.74893706 | T10: =AVERAGE(F44:F49) -> 0.73203522 | U10: =AVERAGE(G44:G49) -> 0.74037186 | V10: =AVERAGE(H44:H49) -> 0.48284347 | W10: =AVERAGE(I44:I49) -> 0.1401008 | X10: =AVERAGE(J44:J49) -> 0.20765443 | Y10: =AVERAGE(K44:K49) -> 0.26291312 | Z10: =AVERAGE(N44:N49) -> 0.99999994 | AA10: =AVERAGE(O44:O49) -> 0.89694522
A11: 3_Mateus de Andrade | B11: texto_prompt_0 | C11: command_r_plus_08_2024_temp05 | D11: 0.056358129 | E11: 0.72340077 | F11: 0.7280128 | G11: 0.72569942 | H11: 0.45981555 | I11: 0.11741425 | J11: 0.18577075 | K11: 0.27931489 | L11: 0 | M11: 0 | N11: 0.99999994 | O11: 0.99999994 | Q11: gemma_9b_temp07 | R11: =AVERAGE(D50:D55) -> 0.055548947 | S11: =AVERAGE(E50:E55) -> 0.74816682 | T11: =AVERAGE(F50:F55) -> 0.73208153 | U11: =AVERAGE(G50:G55) -> 0.74001827 | V11: =AVERAGE(H50:H55) -> 0.47645355 | W11: =AVERAGE(I50:I55) -> 0.14025379 | X11: =AVERAGE(J50:J55) -> 0.20444002 | Y11: =AVERAGE(K50:K55) -> 0.26686421 | Z11: =AVERAGE(N50:N55) -> 0.99999994 | AA11: =AVERAGE(O50:O55) -> 0.89694522
A12: 4_Patrícia Camargo | B12: texto_prompt_0 | C12: command_r_plus_08_2024_temp05 | D12: 0.065295119 | E12: 0.72440207 | F12: 0.72480404 | G12: 0.724603 | H12: 0.47619048 | I12: 0.14850136 | J12: 0.19319728 | K12: 0.28707483 | L12: 0 | M12: 0 | N12: 0.99999994 | O12: 0.99999994 | Q12: gpt4o_temp03 | R12: =AVERAGE(D56:D61) -> 0.074004531 | S12: =AVERAGE(E56:E61) -> 0.74133035 | T12: =AVERAGE(F56:F61) -> 0.7353552 | U12: =AVERAGE(G56:G61) -> 0.73831919 | V12: =AVERAGE(H56:H61) -> 0.49396262 | W12: =AVERAGE(I56:I61) -> 0.15234035 | X12: =AVERAGE(J56:J61) -> 0.18676565 | Y12: =AVERAGE(K56:K61) -> 0.26850228 | Z12: =AVERAGE(N56:N61) -> 0.99999994 | AA12: =AVERAGE(O56:O61) -> 0.89694522
A13: 5_Pedro Guilherme | B13: texto_prompt_0 | C13: command_r_plus_08_2024_temp05 | D13: 0.089688963 | E13: 0.74191898 | F13: 0.72991979 | G13: 0.73587048 | H13: 0.53752405 | I13: 0.17597945 | J13: 0.20012829 | K13: 0.29762668 | L13: 0 | M13: 0 | N13: 0.99999994 | O13: 0.99999994 | Q13: gpt4o_temp05 | R13: =AVERAGE(D62:D67) -> 0.075309144 | S13: =AVERAGE(E62:E67) -> 0.74417934 | T13: =AVERAGE(F62:F67) -> 0.73690199 | U13: =AVERAGE(G62:G67) -> 0.74050531 | V13: =AVERAGE(H62:H67) -> 0.49472601 | W13: =AVERAGE(I62:I67) -> 0.15086703 | X13: =AVERAGE(J62:J67) -> 0.18795845 | Y13: =AVERAGE(K62:K67) -> 0.26931955 | Z13: =AVERAGE(N62:N67) -> 0.99999994 | AA13: =AVERAGE(O62:O67) -> 0.89694522
A14: 0_Ana Luiza | B14: texto_prompt_0 | C14: command_r_plus_08_2024_temp07 | D14: 0.060182739 | E14: 0.75066757 | F14: 0.74399567 | G14: 0.74731678 | H14: 0.4852071 | I14: 0.13744076 | J14: 0.19053254 | K14: 0.29230769 | L14: 0 | M14: 0 | N14: 0.99999994 | O14: 0.82713348 | Q14: gpt4o_temp07 | R14: =AVERAGE(D68:D73) -> 0.069793688 | S14: =AVERAGE(E68:E73) -> 0.74347635 | T14: =AVERAGE(F68:F73) -> 0.73428788 | U14: =AVERAGE(G68:G73) -> 0.73884125 | V14: =AVERAGE(H68:H73) -> 0.4787606 | W14: =AVERAGE(I68:I73) -> 0.14857676 | X14: =AVERAGE(J68:J73) -> 0.1843926 | Y14: =AVERAGE(K68:K73) -> 0.26908441 | Z14: =AVERAGE(N68:N73) -> 0.99999994 | AA14: =AVERAGE(O68:O73) -> 0.89694522
A15: 1_Gabriel Joaquim | B15: texto_prompt_0 | C15: command_r_plus_08_2024_temp07 | D15: 0.044627861 | E15: 0.72755706 | F15: 0.70798439 | G15: 0.71763736 | H15: 0.46191347 | I15: 0.10250153 | J15: 0.18037782 | K15: 0.26447288 | L15: 0 | M15: 0 | N15: 0.99999994 | O15: 0.55453807 | Q15: llama_405b_temp03 | R15: =AVERAGE(D74:D79) -> 0.066045053 | S15: =AVERAGE(E74:E79) -> 0.74289767 | T15: =AVERAGE(F74:F79) -> 0.72658866 | U15: =AVERAGE(G74:G79) -> 0.73464081 | V15: =AVERAGE(H74:H79) -> 0.47587057 | W15: =AVERAGE(I74:I79) -> 0.13383424 | X15: =AVERAGE(J74:J79) -> 0.19620772 | Y15: =AVERAGE(K74:K79) -> 0.27224242 | Z15: =AVERAGE(N74:N79) -> 0.99999994 | AA15: =AVERAGE(O74:O79) -> 0.89694522
A16: 2_Leonardo Maciura | B16: texto_prompt_0 | C16: command_r_plus_08_2024_temp07 | D16: 0.06527792 | E16: 0.75196481 | F16: 0.74000585 | G16: 0.74593741 | H16: 0.49653434 | I16: 0.12492114 | J16: 0.19533711 | K16: 0.27851292 | L16: 0 | M16: 0 | N16: 0.99999994 | O16: 0.99999994 | Q16: llama_405b_temp05 | R16: =AVERAGE(D80:D85) -> 0.053168728 | S16: =AVERAGE(E80:E85) -> 0.74186163 | T16: =AVERAGE(F80:F85) -> 0.72506865 | U16: =AVERAGE(G80:G85) -> 0.73335136 | V16: =AVERAGE(H80:H85) -> 0.45567639 | W16: =AVERAGE(I80:I85) -> 0.13081573 | X16: =AVERAGE(J80:J85) -> 0.18833575 | Y16: =AVERAGE(K80:K85) -> 0.2576814 | Z16: =AVERAGE(N80:N85) -> 0.76935196 | AA16: =AVERAGE(O80:O85) -> 0.73003822
A17: 3_Mateus de Andrade | B17: texto_prompt_0 | C17: command_r_plus_08_2024_temp07 | D17: 0.053237143 | E17: 0.73050904 | F17: 0.72732639 | G17: 0.7289142 | H17: 0.45690834 | I17: 0.11232877 | J17: 0.18331053 | K17: 0.27222982 | L17: 0 | M17: 0 | N17: 0.99999994 | O17: 0.99999994 | Q17: llama_405b_temp07 | R17: =AVERAGE(D86:D91) -> 0.061049157 | S17: =AVERAGE(E86:E91) -> 0.74874798 | T17: =AVERAGE(F86:F91) -> 0.71558375 | U17: =AVERAGE(G86:G91) -> 0.7317706 | V17: =AVERAGE(H86:H91) -> 0.43777889 | W17: =AVERAGE(I86:I91) -> 0.1292605 | X17: =AVERAGE(J86:J91) -> 0.19683071 | Y17: =AVERAGE(K86:K91) -> 0.24463209 | Z17: =AVERAGE(N86:N91) -> 0.99999994 | AA17: =AVERAGE(O86:O91) -> 0.89694522
A18: 4_Patrícia Camargo | B18: texto_prompt_0 | C18: command_r_plus_08_2024_temp07 | D18: 0.056876114 | E18: 0.72766572 | F18: 0.7177121 | G18: 0.7226547 | H18: 0.46817539 | I18: 0.12322946 | J18: 0.18811881 | K18: 0.281471 | L18: 0 | M18: 0 | N18: 0.99999994 | O18: 0.99999994 | Q18: llama_8b_temp03 | R18: =AVERAGE(D92:D97) -> 0.054769736 | S18: =AVERAGE(E92:E97) -> 0.73018722 | T18: =AVERAGE(F92:F97) -> 0.71631672 | U18: =AVERAGE(G92:G97) -> 0.72317664 | V18: =AVERAGE(H92:H97) -> 0.48215458 | W18: =AVERAGE(I92:I97) -> 0.12658975 | X18: =AVERAGE(J92:J97) -> 0.19863814 | Y18: =AVERAGE(K92:K97) -> 0.25245911 | Z18: =AVERAGE(N92:N97) -> 0.99999994 | AA18: =AVERAGE(O92:O97) -> 0.89694522
A19: 5_Pedro Guilherme | B19: texto_prompt_0 | C19: command_r_plus_08_2024_temp07 | D19: 0.08251863 | E19: 0.74605286 | F19: 0.72877741 | G19: 0.73731399 | H19: 0.51097804 | I19: 0.15722851 | J19: 0.20093147 | K19: 0.29008649 | L19: 0 | M19: 0 | N19: 0.99999994 | O19: 0.99999994 | Q19: llama_8b_temp05 | R19: =AVERAGE(D98:D103) -> 0.047727942 | S19: =AVERAGE(E98:E103) -> 0.73018722 | T19: =AVERAGE(F98:F103) -> 0.71631672 | U19: =AVERAGE(G98:G103) -> 0.72317664 | V19: =AVERAGE(H98:H103) -> 0.47642744 | W19: =AVERAGE(I98:I103) -> 0.12569677 | X19: =AVERAGE(J98:J103) -> 0.19322574 | Y19: =AVERAGE(K98:K103) -> 0.2431265 | Z19: =AVERAGE(N98:N103) -> 0.99999994 | AA19: =AVERAGE(O98:O103) -> 0.89694522
A20: 0_Ana Luiza | B20: texto_prompt_0 | C20: gemma_27b_temp03 | D20: 0.056423145 | E20: 0.7438938 | F20: 0.7367084 | G20: 0.74028367 | H20: 0.47607053 | I20: 0.15762926 | J20: 0.17884131 | K20: 0.26952141 | L20: 0 | M20: 0 | N20: 0.99999994 | O20: 0.82713348 | Q20: llama_8b_temp07 | R20: =AVERAGE(D104:D109) -> 0.040614952 | S20: =AVERAGE(E104:E109) -> 0.7329401 | T20: =AVERAGE(F104:F109) -> 0.7195558 | U20: =AVERAGE(G104:G109) -> 0.72617856 | V20: =AVERAGE(H104:H109) -> 0.46743035 | W20: =AVERAGE(I104:I109) -> 0.12440016 | X20: =AVERAGE(J104:J109) -> 0.18901305 | Y20: =AVERAGE(K104:K109) -> 0.24919495 | Z20: =AVERAGE(N104:N109) -> 0.99999994 | AA20: =AVERAGE(O104:O109) -> 0.89694522
A21: 1_Gabriel Joaquim | B21: texto_prompt_0 | C21: gemma_27b_temp03 | D21: 0.034471011 | E21: 0.72128767 | F21: 0.70100665 | G21: 0.71100253 | H21: 0.43014945 | I21: 0.097592713 | J21: 0.17283951 | K21: 0.26120858 | L21: 0 | M21: 0 | N21: 0.99999994 | O21: 0.55453807 | Q21: mixtral_8x22_temp03 | R21: =AVERAGE(D110:D115) -> 0.036722019 | S21: =AVERAGE(E110:E115) -> 0.74412478 | T21: =AVERAGE(F110:F115) -> 0.72428196 | U21: =AVERAGE(G110:G115) -> 0.73405338 | V21: =AVERAGE(H110:H115) -> 0.4246946 | W21: =AVERAGE(I110:I115) -> 0.12412494 | X21: =AVERAGE(J110:J115) -> 0.1759705 | Y21: =AVERAGE(K110:K115) -> 0.24540478 | Z21: =AVERAGE(N110:N115) -> 0.99999994 | AA21: =AVERAGE(O110:O115) -> 0.89694522
A22: 2_Leonardo Maciura | B22: texto_prompt_0 | C22: gemma_27b_temp03 | D22: 0.04794497 | E22: 0.74933946 | F22: 0.738765 | G22: 0.74401468 | H22: 0.44444444 | I22: 0.11598112 | J22: 0.19124579 | K22: 0.26262626 | L22: 0 | M22: 0 | N22: 0.99999994 | O22: 0.99999994 | Q22: mixtral_8x22_temp05 | R22: =AVERAGE(D116:D121) -> 0.04781878 | S22: =AVERAGE(E116:E121) -> 0.74437074 | T22: =AVERAGE(F116:F121) -> 0.72745626 | U22: =AVERAGE(G116:G121) -> 0.73580389 | V22: =AVERAGE(H116:H121) -> 0.44022997 | W22: =AVERAGE(I116:I121) -> 0.12779844 | X22: =AVERAGE(J116:J121) -> 0.18271034 | Y22: =AVERAGE(K116:K121) -> 0.25358507 | Z22: =AVERAGE(N116:N121) -> 0.99999994 | AA22: =AVERAGE(O116:O121) -> 0.89694522
A23: 3_Mateus de Andrade | B23: texto_prompt_0 | C23: gemma_27b_temp03 | D23: 0.050480298 | E23: 0.73540312 | F23: 0.72867763 | G23: 0.73202491 | H23: 0.46470588 | I23: 0.11340206 | J23: 0.19117647 | K23: 0.26911765 | L23: 0 | M23: 0 | N23: 0.99999994 | O23: 0.99999994 | Q23: mixtral_8x22_temp07 | R23: =AVERAGE(D122:D127) -> 0.058045029 | S23: =AVERAGE(E122:E127) -> 0.74938586 | T23: =AVERAGE(F122:F127) -> 0.72336134 | U23: =AVERAGE(G122:G127) -> 0.73612185 | V23: =AVERAGE(H122:H127) -> 0.44509221 | W23: =AVERAGE(I122:I127) -> 0.12411555 | X23: =AVERAGE(J122:J127) -> 0.18550747 | Y23: =AVERAGE(K122:K127) -> 0.25891115 | Z23: =AVERAGE(N122:N127) -> 0.76935196 | AA23: =AVERAGE(O122:O127) -> 0.73003822
A24: 4_Patrícia Camargo | B24: texto_prompt_0 | C24: gemma_27b_temp03 | D24: 0.037884232 | E24: 0.72371268 | F24: 0.71305943 | G24: 0.7183466 | H24: 0.44359756 | I24: 0.10839695 | J24: 0.17530488 | K24: 0.26676829 | L24: 0 | M24: 0 | N24: 0.99999994 | O24: 0.99999994 | Q24: mixtral_8x7_temp03 | R24: =AVERAGE(D128:D133) -> 0.05407673 | S24: =AVERAGE(E128:E133) -> 0.73783494 | T24: =AVERAGE(F128:F133) -> 0.71838489 | U24: =AVERAGE(G128:G133) -> 0.72796774 | V24: =AVERAGE(H128:H133) -> 0.47501234 | W24: =AVERAGE(I128:I133) -> 0.13194339 | X24: =AVERAGE(J128:J133) -> 0.19253225 | Y24: =AVERAGE(K128:K133) -> 0.26888738 | Z24: =AVERAGE(N128:N133) -> 0.99999994 | AA24: =AVERAGE(O128:O133) -> 0.89694522
A25: 5_Pedro Guilherme | B25: texto_prompt_0 | C25: gemma_27b_temp03 | D25: 0.076993905 | E25: 0.74364412 | F25: 0.71848679 | G25: 0.73084903 | H25: 0.49250535 | I25: 0.14867763 | J25: 0.19985724 | K25: 0.29407566 | L25: 0 | M25: 0 | N25: 0.99999994 | O25: 0.99999994 | Q25: mixtral_8x7_temp05 | R25: =AVERAGE(D134:D139) -> 0.032505868 | S25: =AVERAGE(E134:E139) -> 0.73765322 | T25: =AVERAGE(F134:F139) -> 0.71832864 | U25: =AVERAGE(G134:G139) -> 0.72784976 | V25: =AVERAGE(H134:H139) -> 0.41405478 | W25: =AVERAGE(I134:I139) -> 0.12021321 | X25: =AVERAGE(J134:J139) -> 0.17652013 | Y25: =AVERAGE(K134:K139) -> 0.23843512 | Z25: =AVERAGE(N134:N139) -> 0.99999994 | AA25: =AVERAGE(O134:O139) -> 0.89694522
A26: 0_Ana Luiza | B26: texto_prompt_0 | C26: gemma_27b_temp05 | D26: 0.055889326 | E26: 0.7473039 | F26: 0.73746061 | G26: 0.74234957 | H26: 0.46857143 | I26: 0.15511761 | J26: 0.1752381 | K26: 0.26793651 | L26: 0 | M26: 0 | N26: 0.99999994 | O26: 0.82713348 | Q26: mixtral_8x7_temp07 | R26: =AVERAGE(D140:D145) -> 0.040552794 | S26: =AVERAGE(E140:E145) -> 0.72820065 | T26: =AVERAGE(F140:F145) -> 0.72684048 | U26: =AVERAGE(G140:G145) -> 0.72748727 | V26: =AVERAGE(H140:H145) -> 0.42650029 | W26: =AVERAGE(I140:I145) -> 0.1146131 | X26: =AVERAGE(J140:J145) -> 0.17497133 | Y26: =AVERAGE(K140:K145) -> 0.24387155 | Z26: =AVERAGE(N140:N145) -> 0.99999994 | AA26: =AVERAGE(O140:O145) -> 0.89694522
A27: 1_Gabriel Joaquim | B27: texto_prompt_0 | C27: gemma_27b_temp05 | D27: 0.035039186 | E27: 0.72421813 | F27: 0.70147038 | G27: 0.71266276 | H27: 0.42463958 | I27: 0.099737533 | J27: 0.17300131 | K27: 0.2542595 | L27: 0 | M27: 0 | N27: 0.99999994 | O27: 0.55453807 | Q27: phi_3.5_vision_temp03 | R27: =AVERAGE(D146:D151) -> 0.018238044 | S27: =AVERAGE(E146:E151) -> 0.74726757 | T27: =AVERAGE(F146:F151) -> 0.7180994 | U27: =AVERAGE(G146:G151) -> 0.73238146 | V27: =AVERAGE(H146:H151) -> 0.34008055 | W27: =AVERAGE(I146:I151) -> 0.1004585 | X27: =AVERAGE(J146:J151) -> 0.15520205 | Y27: =AVERAGE(K146:K151) -> 0.20265998 | Z27: =AVERAGE(N146:N151) -> 0.76935196 | AA27: =AVERAGE(O146:O151) -> 0.73003822
A28: 2_Leonardo Maciura | B28: texto_prompt_0 | C28: gemma_27b_temp05 | D28: 0.058063388 | E28: 0.75547194 | F28: 0.74298131 | G28: 0.74917454 | H28: 0.44429348 | I28: 0.12108844 | J28: 0.19157609 | K28: 0.26494565 | L28: 0 | M28: 0 | N28: 0.99999994 | O28: 0.99999994 | Q28: phi_3.5_vision_temp05 | R28: =AVERAGE(D152:D157) -> 0.018238044 | S28: =AVERAGE(E152:E157) -> 0.74726757 | T28: =AVERAGE(F152:F157) -> 0.7180994 | U28: =AVERAGE(G152:G157) -> 0.73238146 | V28: =AVERAGE(H152:H157) -> 0.34008055 | W28: =AVERAGE(I152:I157) -> 0.1004585 | X28: =AVERAGE(J152:J157) -> 0.15520205 | Y28: =AVERAGE(K152:K157) -> 0.20265998 | Z28: =AVERAGE(N152:N157) -> 0.76935196 | AA28: =AVERAGE(O152:O157) -> 0.73003822
A29: 3_Mateus de Andrade | B29: texto_prompt_0 | C29: gemma_27b_temp05 | D29: 0.046451755 | E29: 0.73841929 | F29: 0.72959125 | G29: 0.73397875 | H29: 0.45731255 | I29: 0.11152416 | J29: 0.19005197 | K29: 0.26726058 | L29: 0 | M29: 0 | N29: 0.99999994 | O29: 0.99999994 | Q29: phi_3.5_vision_temp07 | R29: =AVERAGE(D158:D163) -> 0.017560209 | S29: =AVERAGE(E158:E163) -> 0.74081288 | T29: =AVERAGE(F158:F163) -> 0.71465579 | U29: =AVERAGE(G158:G163) -> 0.72748359 | V29: =AVERAGE(H158:H163) -> 0.35483507 | W29: =AVERAGE(I158:I163) -> 0.10399943 | X29: =AVERAGE(J158:J163) -> 0.16837207 | Y29: =AVERAGE(K158:K163) -> 0.21087876 | Z29: =AVERAGE(N158:N163) -> 0.76935196 | AA29: =AVERAGE(O158:O163) -> 0.73003822
A30: 4_Patrícia Camargo | B30: texto_prompt_0 | C30: gemma_27b_temp05 | D30: 0.031524458 | E30: 0.7248826 | F30: 0.71459371 | G30: 0.71970141 | H30: 0.44341801 | I30: 0.10948342 | J30: 0.17859892 | K30: 0.28021555 | L30: 0 | M30: 0 | N30: 0.99999994 | O30: 0.99999994 | Q30: phi_3_mini_temp03 | R30: =AVERAGE(D164:D169) -> 0.018838425 | S30: =AVERAGE(E164:E169) -> 0.73499081 | T30: =AVERAGE(F164:F169) -> 0.7241942 | U30: =AVERAGE(G164:G169) -> 0.72955082 | V30: =AVERAGE(H164:H169) -> 0.37408176 | W30: =AVERAGE(I164:I169) -> 0.086486731 | X30: =AVERAGE(J164:J169) -> 0.17181114 | Y30: =AVERAGE(K164:K169) -> 0.22209041 | Z30: =AVERAGE(N164:N169) -> 0.7023139 | AA30: =AVERAGE(O164:O169) -> 0.6908719
A31: 5_Pedro Guilherme | B31: texto_prompt_0 | C31: gemma_27b_temp05 | D31: 0.072289754 | E31: 0.74472165 | F31: 0.71820056 | G31: 0.73122072 | H31: 0.48847262 | I31: 0.15151515 | J31: 0.19596542 | K31: 0.29538905 | L31: 0 | M31: 0 | N31: 0.99999994 | O31: 0.99999994 | Q31: phi_3_mini_temp05 | R31: =AVERAGE(D170:D175) -> 0.029596639 | S31: =AVERAGE(E170:E175) -> 0.74136882 | T31: =AVERAGE(F170:F175) -> 0.71860652 | U31: =AVERAGE(G170:G175) -> 0.72978675 | V31: =AVERAGE(H170:H175) -> 0.37850516 | W31: =AVERAGE(I170:I175) -> 0.10543207 | X31: =AVERAGE(J170:J175) -> 0.17174335 | Y31: =AVERAGE(K170:K175) -> 0.22450766 | Z31: =AVERAGE(N170:N175) -> 0.76935196 | AA31: =AVERAGE(O170:O175) -> 0.73003822
A32: 0_Ana Luiza | B32: texto_prompt_0 | C32: gemma_27b_temp07 | D32: 0.055889326 | E32: 0.7473039 | F32: 0.73746061 | G32: 0.74234957 | H32: 0.46857143 | I32: 0.15511761 | J32: 0.1752381 | K32: 0.26793651 | L32: 0 | M32: 0 | N32: 0.99999994 | O32: 0.82713348 | Q32: phi_3_mini_temp07 | R32: =AVERAGE(D176:D181) -> 0.025090594 | S32: =AVERAGE(E176:E181) -> 0.7277146 | T32: =AVERAGE(F176:F181) -> 0.72212866 | U32: =AVERAGE(G176:G181) -> 0.72489832 | V32: =AVERAGE(H176:H181) -> 0.38066746 | W32: =AVERAGE(I176:I181) -> 0.095911001 | X32: =AVERAGE(J176:J181) -> 0.16266309 | Y32: =AVERAGE(K176:K181) -> 0.22763028 | Z32: =AVERAGE(N176:N181) -> 0.82713348 | AA32: =AVERAGE(O176:O181) -> 0.80494425
A33: 1_Gabriel Joaquim | B33: texto_prompt_0 | C33: gemma_27b_temp07 | D33: 0.035039186 | E33: 0.72421813 | F33: 0.70147038 | G33: 0.71266276 | H33: 0.42463958 | I33: 0.099737533 | J33: 0.17300131 | K33: 0.2542595 | L33: 0 | M33: 0 | N33: 0.99999994 | O33: 0.55453807 | Q33: qwen2_72_temp03 | R33: =AVERAGE(D182:D187) -> 0.047035881 | S33: =AVERAGE(E182:E187) -> 0.74305599 | T33: =AVERAGE(F182:F187) -> 0.72778914 | U33: =AVERAGE(G182:G187) -> 0.73533356 | V33: =AVERAGE(H182:H187) -> 0.42123504 | W33: =AVERAGE(I182:I187) -> 0.10484971 | X33: =AVERAGE(J182:J187) -> 0.17953922 | Y33: =AVERAGE(K182:K187) -> 0.25363757 | Z33: =AVERAGE(N182:N187) -> 0.99999994 | AA33: =AVERAGE(O182:O187) -> 0.89694522
A34: 2_Leonardo Maciura | B34: texto_prompt_0 | C34: gemma_27b_temp07 | D34: 0.058063388 | E34: 0.75547194 | F34: 0.74298131 | G34: 0.74917454 | H34: 0.44429348 | I34: 0.12108844 | J34: 0.19157609 | K34: 0.26494565 | L34: 0 | M34: 0 | N34: 0.99999994 | O34: 0.99999994 | Q34: qwen2_72_temp05 | R34: =AVERAGE(D188:D193) -> 0.05072383 | S34: =AVERAGE(E188:E193) -> 0.74301405 | T34: =AVERAGE(F188:F193) -> 0.73140012 | U34: =AVERAGE(G188:G193) -> 0.73713803 | V34: =AVERAGE(H188:H193) -> 0.40021167 | W34: =AVERAGE(I188:I193) -> 0.11174544 | X34: =AVERAGE(J188:J193) -> 0.17239365 | Y34: =AVERAGE(K188:K193) -> 0.2481418 | Z34: =AVERAGE(N188:N193) -> 0.7023139 | AA34: =AVERAGE(O188:O193) -> 0.6908719
A35: 3_Mateus de Andrade | B35: texto_prompt_0 | C35: gemma_27b_temp07 | D35: 0.046451755 | E35: 0.73841929 | F35: 0.72959125 | G35: 0.73397875 | H35: 0.45731255 | I35: 0.11152416 | J35: 0.19005197 | K35: 0.26726058 | L35: 0 | M35: 0 | N35: 0.99999994 | O35: 0.99999994 | Q35: qwen2_72_temp07 | R35: =AVERAGE(D194:D199) -> 0.036314237 | S35: =AVERAGE(E194:E199) -> 0.74390319 | T35: =AVERAGE(F194:F199) -> 0.72968199 | U35: =AVERAGE(G194:G199) -> 0.73669582 | V35: =AVERAGE(H194:H199) -> 0.39750725 | W35: =AVERAGE(I194:I199) -> 0.098539324 | X35: =AVERAGE(J194:J199) -> 0.16965104 | Y35: =AVERAGE(K194:K199) -> 0.22560477 | Z35: =AVERAGE(N194:N199) -> 0.99999994 | AA35: =AVERAGE(O194:O199) -> 0.89694522
A36: 4_Patrícia Camargo | B36: texto_prompt_0 | C36: gemma_27b_temp07 | D36: 0.031524458 | E36: 0.7248826 | F36: 0.71459371 | G36: 0.71970141 | H36: 0.44341801 | I36: 0.10948342 | J36: 0.17859892 | K36: 0.28021555 | L36: 0 | M36: 0 | N36: 0.99999994 | O36: 0.99999994 | Q36: qwen2_7_temp03 | R36: =AVERAGE(D200:D205) -> 0.013243931 | S36: =AVERAGE(E200:E205) -> 0.6604864 | T36: =AVERAGE(F200:F205) -> 0.64377747 | U36: =AVERAGE(G200:G205) -> 0.6520172 | V36: =AVERAGE(H200:H205) -> 0.3384063 | W36: =AVERAGE(I200:I205) -> 0.093735505 | X36: =AVERAGE(J200:J205) -> 0.1685573 | Y36: =AVERAGE(K200:K205) -> 0.18909453 | Z36: =AVERAGE(N200:N205) -> 0.82775801 | AA36: =AVERAGE(O200:O205) -> 0.78744572
A37: 5_Pedro Guilherme | B37: texto_prompt_0 | C37: gemma_27b_temp07 | D37: 0.072289754 | E37: 0.74472165 | F37: 0.71820056 | G37: 0.73122072 | H37: 0.48847262 | I37: 0.15151515 | J37: 0.19596542 | K37: 0.29538905 | L37: 0 | M37: 0 | N37: 0.99999994 | O37: 0.99999994 | Q37: qwen2_7_temp05 | R37: =AVERAGE(D206:D211) -> 0.013243931 | S37: =AVERAGE(E206:E211) -> 0.6604864 | T37: =AVERAGE(F206:F211) -> 0.64377747 | U37: =AVERAGE(G206:G211) -> 0.6520172 | V37: =AVERAGE(H206:H211) -> 0.3384063 | W37: =AVERAGE(I206:I211) -> 0.093735505 | X37: =AVERAGE(J206:J211) -> 0.1685573 | Y37: =AVERAGE(K206:K211) -> 0.18909453 | Z37: =AVERAGE(N206:N211) -> 0.82775801 | AA37: =AVERAGE(O206:O211) -> 0.78744572
A38: 0_Ana Luiza | B38: texto_prompt_0 | C38: gemma_9b_temp03 | D38: 0.057153719 | E38: 0.75805134 | F38: 0.75195205 | G38: 0.75498939 | H38: 0.48188175 | I38: 0.15404201 | J38: 0.20470439 | K38: 0.2619199 | L38: 0 | M38: 0 | N38: 0.99999994 | O38: 0.82713348 | Q38: qwen2_7_temp07 | R38: =AVERAGE(D212:D217) -> 0.024597557 | S38: =AVERAGE(E212:E217) -> 0.74362829 | T38: =AVERAGE(F212:F217) -> 0.71574911 | U38: =AVERAGE(G212:G217) -> 0.72938187 | V38: =AVERAGE(H212:H217) -> 0.37624557 | W38: =AVERAGE(I212:I217) -> 0.10894594 | X38: =AVERAGE(J212:J217) -> 0.16945277 | Y38: =AVERAGE(K212:K217) -> 0.2272884 | Z38: =AVERAGE(N212:N217) -> 0.82775801 | AA38: =AVERAGE(O212:O217) -> 0.78744572
A39: 1_Gabriel Joaquim | B39: texto_prompt_0 | C39: gemma_9b_temp03 | D39: 0.0454294 | E39: 0.72987622 | F39: 0.70777321 | G39: 0.71865481 | H39: 0.46062992 | I39: 0.11038108 | J39: 0.19685039 | K39: 0.25984252 | L39: 0 | M39: 0 | N39: 0.99999994 | O39: 0.55453807 | Q39: sabia3_temp03 | R39: =AVERAGE(D218:D223) -> 0.052779316 | S39: =AVERAGE(E218:E223) -> 0.74902738 | T39: =AVERAGE(F218:F223) -> 0.73930895 | U39: =AVERAGE(G218:G223) -> 0.74411137 | V39: =AVERAGE(H218:H223) -> 0.48680811 | W39: =AVERAGE(I218:I223) -> 0.15126719 | X39: =AVERAGE(J218:J223) -> 0.19207632 | Y39: =AVERAGE(K218:K223) -> 0.26285021 | Z39: =AVERAGE(N218:N223) -> 0.99999994 | AA39: =AVERAGE(O218:O223) -> 0.89694522
A40: 2_Leonardo Maciura | B40: texto_prompt_0 | C40: gemma_9b_temp03 | D40: 0.07846316 | E40: 0.76195771 | F40: 0.74621582 | G40: 0.75400466 | H40: 0.48979592 | I40: 0.15667575 | J40: 0.21632653 | K40: 0.26258503 | L40: 0 | M40: 0 | N40: 0.99999994 | O40: 0.99999994 | Q40: sabia3_temp05 | R40: =AVERAGE(D224:D229) -> 0.070281998 | S40: =AVERAGE(E224:E229) -> 0.74524201 | T40: =AVERAGE(F224:F229) -> 0.73750472 | U40: =AVERAGE(G224:G229) -> 0.74133032 | V40: =AVERAGE(H224:H229) -> 0.51258287 | W40: =AVERAGE(I224:I229) -> 0.14511706 | X40: =AVERAGE(J224:J229) -> 0.1895605 | Y40: =AVERAGE(K224:K229) -> 0.27356926 | Z40: =AVERAGE(N224:N229) -> 0.99999994 | AA40: =AVERAGE(O224:O229) -> 0.89694522
A41: 3_Mateus de Andrade | B41: texto_prompt_0 | C41: gemma_9b_temp03 | D41: 0.055526563 | E41: 0.73603296 | F41: 0.72950375 | G41: 0.73275381 | H41: 0.46988848 | I41: 0.11913626 | J41: 0.20371747 | K41: 0.26765799 | L41: 0 | M41: 0 | N41: 0.99999994 | O41: 0.99999994 | Q41: sabia3_temp07 | R41: =AVERAGE(D230:D235) -> 0.070093497 | S41: =AVERAGE(E230:E235) -> 0.74761724 | T41: =AVERAGE(F230:F235) -> 0.73473406 | U41: =AVERAGE(G230:G235) -> 0.74110208 | V41: =AVERAGE(H230:H235) -> 0.50317463 | W41: =AVERAGE(I230:I235) -> 0.15265746 | X41: =AVERAGE(J230:J235) -> 0.19682068 | Y41: =AVERAGE(K230:K235) -> 0.27715821 | Z41: =AVERAGE(N230:N235) -> 0.99999994 | AA41: =AVERAGE(O230:O235) -> 0.89694522
A42: 4_Patrícia Camargo | B42: texto_prompt_0 | C42: gemma_9b_temp03 | D42: 0.06697938 | E42: 0.74139488 | F42: 0.73254794 | G42: 0.73694485 | H42: 0.49036237 | I42: 0.13745174 | J42: 0.20354665 | K42: 0.25597533 | L42: 0 | M42: 0 | N42: 0.99999994 | O42: 0.99999994
A43: 5_Pedro Guilherme | B43: texto_prompt_0 | C43: gemma_9b_temp03 | D43: 0.061603195 | E43: 0.74814737 | F43: 0.7219249 | G43: 0.73480231 | H43: 0.47907648 | I43: 0.14017341 | J43: 0.21356421 | K43: 0.26984127 | L43: 0 | M43: 0 | N43: 0.99999994 | O43: 0.99999994
A44: 0_Ana Luiza | B44: texto_prompt_0 | C44: gemma_9b_temp05 | D44: 0.051347904 | E44: 0.75961924 | F44: 0.74994045 | G44: 0.75474882 | H44: 0.49044586 | I44: 0.16071429 | J44: 0.20382166 | K44: 0.2611465 | L44: 0 | M44: 0 | N44: 0.99999994 | O44: 0.82713348
A45: 1_Gabriel Joaquim | B45: texto_prompt_0 | C45: gemma_9b_temp05 | D45: 0.045469549 | E45: 0.73171371 | F45: 0.70893133 | G45: 0.72014236 | H45: 0.46285339 | I45: 0.11059908 | J45: 0.19723866 | K45: 0.25904011 | L45: 0 | M45: 0 | N45: 0.99999994 | O45: 0.55453807
A46: 2_Leonardo Maciura | B46: texto_prompt_0 | C46: gemma_9b_temp05 | D46: 0.076401769 | E46: 0.76611412 | F46: 0.74870771 | G46: 0.75731093 | H46: 0.49079755 | I46: 0.15836177 | J46: 0.21813224 | K46: 0.26039536 | L46: 0 | M46: 0 | N46: 0.99999994 | O46: 0.99999994
A47: 3_Mateus de Andrade | B47: texto_prompt_0 | C47: gemma_9b_temp05 | D47: 0.056678332 | E47: 0.74073243 | F47: 0.73184586 | G47: 0.73626238 | H47: 0.47391952 | I47: 0.12089552 | J47: 0.21013413 | K47: 0.26825633 | L47: 0 | M47: 0 | N47: 0.99999994 | O47: 0.99999994
A48: 4_Patrícia Camargo | B48: texto_prompt_0 | C48: gemma_9b_temp05 | D48: 0.064764299 | E48: 0.74439728 | F48: 0.7306453 | G48: 0.73745716 | H48: 0.49459042 | I48: 0.14086687 | J48: 0.20401855 | K48: 0.25965997 | L48: 0 | M48: 0 | N48: 0.99999994 | O48: 0.99999994
A49: 5_Pedro Guilherme | B49: texto_prompt_0 | C49: gemma_9b_temp05 | D49: 0.063319497 | E49: 0.75104558 | F49: 0.72214067 | G49: 0.73630953 | H49: 0.48445409 | I49: 0.14916727 | J49: 0.21258134 | K49: 0.26898048 | L49: 0 | M49: 0 | N49: 0.99999994 | O49: 0.99999994
A50: 0_Ana Luiza | B50: texto_prompt_0 | C50: gemma_9b_temp07 | D50: 0.047294785 | E50: 0.75837189 | F50: 0.74990022 | G50: 0.75411224 | H50: 0.48063033 | I50: 0.16305062 | J50: 0.19829284 | K50: 0.26526592 | L50: 0 | M50: 0 | N50: 0.99999994 | O50: 0.82713348
A51: 1_Gabriel Joaquim | B51: texto_prompt_0 | C51: gemma_9b_temp07 | D51: 0.042147494 | E51: 0.73138142 | F51: 0.70930851 | G51: 0.72017586 | H51: 0.45454545 | I51: 0.11141304 | J51: 0.19131615 | K51: 0.2550882 | L51: 0 | M51: 0 | N51: 0.99999994 | O51: 0.55453807
A52: 2_Leonardo Maciura | B52: texto_prompt_0 | C52: gemma_9b_temp07 | D52: 0.071496374 | E52: 0.76481557 | F52: 0.74783766 | G52: 0.75623131 | H52: 0.48309859 | I52: 0.15655853 | J52: 0.21549296 | K52: 0.25915493 | L52: 0 | M52: 0 | N52: 0.99999994 | O52: 0.99999994
A53: 3_Mateus de Andrade | B53: texto_prompt_0 | C53: gemma_9b_temp07 | D53: 0.054126822 | E53: 0.73991799 | F53: 0.73173934 | G53: 0.73580599 | H53: 0.46795367 | I53: 0.11910286 | J53: 0.21158301 | K53: 0.27335907 | L53: 0 | M53: 0 | N53: 0.99999994 | O53: 0.99999994
... A235: 5_Pedro Guilherme | B235: texto_prompt_0 | C235: sabia3_temp07 | D235: 0.069367757 | E235: 0.74829322 | F235: 0.72431046 | G235: 0.73610651 | H235: 0.54924515 | I235: 0.18718503 | J235: 0.1984184 | K235: 0.30050324 | L235: 0 | M235: 0 | N235: 0.99999994 | O235: 0.99999994

Sheet Command
A1: id | B1: modification_type | C1: generator_model | D1: BLEU_score | E1: BERTScore_Precision | F1: BERTScore_Recall | G1: BERTScore_F1 | H1: rouge1 | I1: rouge2 | J1: rougeL | K1: rougeLsum | L1: CTC_groundness | M1: CTC_groundness_ref | N1: CTC_factual | O1: CTC_factual_ref
A2: 0_Ana Luiza | B2: texto_prompt_0 | C2: command_r_plus_08_2024_temp03 | D2: 0.070257996 | E2: 0.73955077 | F2: 0.73888868 | G2: 0.73921955 | H2: 0.51017964 | I2: 0.16906475 | J2: 0.18562874 | K2: 0.28263473 | L2: 0 | M2: 0 | N2: 0.99999994 | O2: 0.82713348
A3: 0_Ana Luiza | B3: texto_prompt_0 | C3: command_r_plus_08_2024_temp05 | D3: 0.071549664 | E3: 0.73747015 | F3: 0.73935527 | G3: 0.73841149 | H3: 0.50630011 | I3: 0.15137615 | J3: 0.20274914 | K3: 0.27720504 | L3: 0 | M3: 0 | N3: 0.99999994 | O3: 0.82713348
A4: 0_Ana Luiza | B4: texto_prompt_0 | C4: command_r_plus_08_2024_temp07 | D4: 0.060182739 | E4: 0.75066757 | F4: 0.74399567 | G4: 0.74731678 | H4: 0.4852071 | I4: 0.13744076 | J4: 0.19053254 | K4: 0.29230769 | L4: 0 | M4: 0 | N4: 0.99999994 | O4: 0.82713348
A5: 1_Gabriel Joaquim | B5: texto_prompt_0 | C5: command_r_plus_08_2024_temp03 | D5: 0.048696623 | E5: 0.71414721 | F5: 0.69722587 | G5: 0.70558506 | H5: 0.45527452 | I5: 0.12353305 | J5: 0.17396669 | K5: 0.27760642 | L5: 0 | M5: 0 | N5: 0.99999994 | O5: 0.55453807
A6: 1_Gabriel Joaquim | B6: texto_prompt_0 | C6: command_r_plus_08_2024_temp05 | D6: 0.058958918 | E6: 0.71727502 | F6: 0.7088846 | G6: 0.71305513 | H6: 0.47377725 | I6: 0.11563422 | J6: 0.19210371 | K6: 0.27578079 | L6: 0 | M6: 0 | N6: 0.99999994 | O6: 0.55453807
A7: 1_Gabriel Joaquim | B7: texto_prompt_0 | C7: command_r_plus_08_2024_temp07 | D7: 0.044627861 | E7: 0.72755706 | F7: 0.70798439 | G7: 0.71763736 | H7: 0.46191347 | I7: 0.10250153 | J7: 0.18037782 | K7: 0.26447288 | L7: 0 | M7: 0 | N7: 0.99999994 | O7: 0.55453807
A8: 2_Leonardo Maciura | B8: texto_prompt_0 | C8: command_r_plus_08_2024_temp03 | D8: 0.06763447 | E8: 0.73315519 | F8: 0.7267713 | G8: 0.7299493 | H8: 0.47862157 | I8: 0.14185304 | J8: 0.2003829 | K8: 0.27185705 | L8: 0 | M8: 0 | N8: 0.99999994 | O8: 0.99999994
A9: 2_Leonardo Maciura | B9: texto_prompt_0 | C9: command_r_plus_08_2024_temp05 | D9: 0.075685029 | E9: 0.73533142 | F9: 0.73179972 | G9: 0.73356134 | H9: 0.51369446 | I9: 0.14503352 | J9: 0.21180767 | K9: 0.27267194 | L9: 0 | M9: 0 | N9: 0.99999994 | O9: 0.99999994
A10: 2_Leonardo Maciura | B10: texto_prompt_0 | C10: command_r_plus_08_2024_temp07 | D10: 0.06527792 | E10: 0.75196481 | F10: 0.74000585 | G10: 0.74593741 | H10: 0.49653434 | I10: 0.12492114 | J10: 0.19533711 | K10: 0.27851292 | L10: 0 | M10: 0 | N10: 0.99999994 | O10: 0.99999994
A11: 3_Mateus de Andrade | B11: texto_prompt_0 | C11: command_r_plus_08_2024_temp03 | D11: 0.039842204 | E11: 0.713539 | F11: 0.71304846 | G11: 0.71329361 | H11: 0.45076283 | I11: 0.10833333 | J11: 0.18030513 | K11: 0.24271845 | L11: 0 | M11: 0 | N11: 0.99999994 | O11: 0.99999994
A12: 3_Mateus de Andrade | B12: texto_prompt_0 | C12: command_r_plus_08_2024_temp05 | D12: 0.056358129 | E12: 0.72340077 | F12: 0.7280128 | G12: 0.72569942 | H12: 0.45981555 | I12: 0.11741425 | J12: 0.18577075 | K12: 0.27931489 | L12: 0 | M12: 0 | N12: 0.99999994 | O12: 0.99999994
A13: 3_Mateus de Andrade | B13: texto_prompt_0 | C13: command_r_plus_08_2024_temp07 | D13: 0.053237143 | E13: 0.73050904 | F13: 0.72732639 | G13: 0.7289142 | H13: 0.45690834 | I13: 0.11232877 | J13: 0.18331053 | K13: 0.27222982 | L13: 0 | M13: 0 | N13: 0.99999994 | O13: 0.99999994
... A19: 5_Pedro Guilherme | B19: texto_prompt_0 | C19: command_r_plus_08_2024_temp07 | D19: 0.08251863 | E19: 0.74605286 | F19: 0.72877741 | G19: 0.73731399 | H19: 0.51097804 | I19: 0.15722851 | J19: 0.20093147 | K19: 0.29008649 | L19: 0 | M19: 0 | N19: 0.99999994 | O19: 0.99999994

Sheet Gemma
A1: id | B1: modification_type | C1: generator_model | D1: BLEU_score | E1: BERTScore_Precision | F1: BERTScore_Recall | G1: BERTScore_F1 | H1: rouge1 | I1: rouge2 | J1: rougeL | K1: rougeLsum | L1: CTC_groundness | M1: CTC_groundness_ref | N1: CTC_factual | O1: CTC_factual_ref
A2: 0_Ana Luiza | B2: texto_prompt_0 | C2: gemma_27b_temp03 | D2: 0.056423145 | E2: 0.7438938 | F2: 0.7367084 | G2: 0.74028367 | H2: 0.47607053 | I2: 0.15762926 | J2: 0.17884131 | K2: 0.26952141 | L2: 0 | M2: 0 | N2: 0.99999994 | O2: 0.82713348
A3: 0_Ana Luiza | B3: texto_prompt_0 | C3: gemma_27b_temp05 | D3: 0.055889326 | E3: 0.7473039 | F3: 0.73746061 | G3: 0.74234957 | H3: 0.46857143 | I3: 0.15511761 | J3: 0.1752381 | K3: 0.26793651 | L3: 0 | M3: 0 | N3: 0.99999994 | O3: 0.82713348
A4: 0_Ana Luiza | B4: texto_prompt_0 | C4: gemma_27b_temp07 | D4: 0.055889326 | E4: 0.7473039 | F4: 0.73746061 | G4: 0.74234957 | H4: 0.46857143 | I4: 0.15511761 | J4: 0.1752381 | K4: 0.26793651 | L4: 0 | M4: 0 | N4: 0.99999994 | O4: 0.82713348
A5: 0_Ana Luiza | B5: texto_prompt_0 | C5: gemma_9b_temp03 | D5: 0.057153719 | E5: 0.75805134 | F5: 0.75195205 | G5: 0.75498939 | H5: 0.48188175 | I5: 0.15404201 | J5: 0.20470439 | K5: 0.2619199 | L5: 0 | M5: 0 | N5: 0.99999994 | O5: 0.82713348
A6: 0_Ana Luiza | B6: texto_prompt_0 | C6: gemma_9b_temp05 | D6: 0.051347904 | E6: 0.75961924 | F6: 0.74994045 | G6: 0.75474882 | H6: 0.49044586 | I6: 0.16071429 | J6: 0.20382166 | K6: 0.2611465 | L6: 0 | M6: 0 | N6: 0.99999994 | O6: 0.82713348
A7: 0_Ana Luiza | B7: texto_prompt_0 | C7: gemma_9b_temp07 | D7: 0.047294785 | E7: 0.75837189 | F7: 0.74990022 | G7: 0.75411224 | H7: 0.48063033 | I7: 0.16305062 | J7: 0.19829284 | K7: 0.26526592 | L7: 0 | M7: 0 | N7: 0.99999994 | O7: 0.82713348
A8: 1_Gabriel Joaquim | B8: texto_prompt_0 | C8: gemma_27b_temp03 | D8: 0.034471011 | E8: 0.72128767 | F8: 0.70100665 | G8: 0.71100253 | H8: 0.43014945 | I8: 0.097592713 | J8: 0.17283951 | K8: 0.26120858 | L8: 0 | M8: 0 | N8: 0.99999994 | O8: 0.55453807
A9: 1_Gabriel Joaquim | B9: texto_prompt_0 | C9: gemma_27b_temp05 | D9: 0.035039186 | E9: 0.72421813 | F9: 0.70147038 | G9: 0.71266276 | H9: 0.42463958 | I9: 0.099737533 | J9: 0.17300131 | K9: 0.2542595 | L9: 0 | M9: 0 | N9: 0.99999994 | O9: 0.55453807
A10: 1_Gabriel Joaquim | B10: texto_prompt_0 | C10: gemma_27b_temp07 | D10: 0.035039186 | E10: 0.72421813 | F10: 0.70147038 | G10: 0.71266276 | H10: 0.42463958 | I10: 0.099737533 | J10: 0.17300131 | K10: 0.2542595 | L10: 0 | M10: 0 | N10: 0.99999994 | O10: 0.55453807
A11: 1_Gabriel Joaquim | B11: texto_prompt_0 | C11: gemma_9b_temp03 | D11: 0.0454294 | E11: 0.72987622 | F11: 0.70777321 | G11: 0.71865481 | H11: 0.46062992 | I11: 0.11038108 | J11: 0.19685039 | K11: 0.25984252 | L11: 0 | M11: 0 | N11: 0.99999994 | O11: 0.55453807
A12: 1_Gabriel Joaquim | B12: texto_prompt_0 | C12: gemma_9b_temp05 | D12: 0.045469549 | E12: 0.73171371 | F12: 0.70893133 | G12: 0.72014236 | H12: 0.46285339 | I12: 0.11059908 | J12: 0.19723866 | K12: 0.25904011 | L12: 0 | M12: 0 | N12: 0.99999994 | O12: 0.55453807
A13: 1_Gabriel Joaquim | B13: texto_prompt_0 | C13: gemma_9b_temp07 | D13: 0.042147494 | E13: 0.73138142 | F13: 0.70930851 | G13: 0.72017586 | H13: 0.45454545 | I13: 0.11141304 | J13: 0.19131615 | K13: 0.2550882 | L13: 0 | M13: 0 | N13: 0.99999994 | O13: 0.55453807
... A37: 5_Pedro Guilherme | B37: texto_prompt_0 | C37: gemma_9b_temp07 | D37: 0.059558474 | E37: 0.75069857 | F37: 0.72242337 | G37: 0.73628968 | H37: 0.48652695 | I37: 0.14842579 | J37: 0.21107784 | K37: 0.27245509 | L37: 0 | M37: 0 | N37: 0.99999994 | O37: 0.99999994

Sheet GPT
A1: id | B1: modification_type | C1: generator_model | D1: BLEU_score | E1: BERTScore_Precision | F1: BERTScore_Recall | G1: BERTScore_F1 | H1: rouge1 | I1: rouge2 | J1: rougeL | K1: rougeLsum | L1: CTC_groundness | M1: CTC_groundness_ref | N1: CTC_factual | O1: CTC_factual_ref
A2: 0_Ana Luiza | B2: texto_prompt_0 | C2: gpt4o_temp03 | D2: 0.090745485 | E2: 0.75012708 | F2: 0.75142026 | G2: 0.75077313 | H2: 0.53077302 | I2: 0.17841301 | J2: 0.19005416 | K2: 0.28163466 | L2: 0 | M2: 0 | N2: 0.99999994 | O2: 0.82713348
A3: 0_Ana Luiza | B3: texto_prompt_0 | C3: gpt4o_temp05 | D3: 0.094385792 | E3: 0.74998558 | F3: 0.75218433 | G3: 0.75108337 | H3: 0.53071253 | I3: 0.17314314 | J3: 0.19262899 | K3: 0.28206388 | L3: 0 | M3: 0 | N3: 0.99999994 | O3: 0.82713348
A4: 0_Ana Luiza | B4: texto_prompt_0 | C4: gpt4o_temp07 | D4: 0.088738595 | E4: 0.75095534 | F4: 0.7501893 | G4: 0.75057214 | H4: 0.53100597 | I4: 0.1691954 | J4: 0.19384474 | K4: 0.28479559 | L4: 0 | M4: 0 | N4: 0.99999994 | O4: 0.82713348
A5: 1_Gabriel Joaquim | B5: texto_prompt_0 | C5: gpt4o_temp03 | D5: 0.062074551 | E5: 0.73116231 | F5: 0.71673071 | G5: 0.72387457 | H5: 0.48032291 | I5: 0.14444444 | J5: 0.18365288 | K5: 0.25529768 | L5: 0 | M5: 0 | N5: 0.99999994 | O5: 0.55453807
A6: 1_Gabriel Joaquim | B6: texto_prompt_0 | C6: gpt4o_temp05 | D6: 0.062668015 | E6: 0.73713672 | F6: 0.72056663 | G6: 0.7287575 | H6: 0.47935549 | I6: 0.14112903 | J6: 0.18429003 | K6: 0.24974824 | L6: 0 | M6: 0 | N6: 0.99999994 | O6: 0.55453807
A7: 1_Gabriel Joaquim | B7: texto_prompt_0 | C7: gpt4o_temp07 | D7: 0.054286357 | E7: 0.7312398 | F7: 0.71305197 | G7: 0.7220313 | H7: 0.46710526 | I7: 0.12793979 | J7: 0.17481203 | K7: 0.25657895 | L7: 0 | M7: 0 | N7: 0.99999994 | O7: 0.55453807
A8: 2_Leonardo Maciura | B8: texto_prompt_0 | C8: gpt4o_temp03 | D8: 0.10199457 | E8: 0.75177169 | F8: 0.74816132 | G8: 0.74996215 | H8: 0.51452282 | I8: 0.16095535 | J8: 0.19502075 | K8: 0.29045643 | L8: 0 | M8: 0 | N8: 0.99999994 | O8: 0.99999994
A9: 2_Leonardo Maciura | B9: texto_prompt_0 | C9: gpt4o_temp05 | D9: 0.10349588 | E9: 0.75698978 | F9: 0.75039232 | G9: 0.75367653 | H9: 0.51552795 | I9: 0.16683938 | J9: 0.19565217 | K9: 0.28881988 | L9: 0 | M9: 0 | N9: 0.99999994 | O9: 0.99999994
A10: 2_Leonardo Maciura | B10: texto_prompt_0 | C10: gpt4o_temp07 | D10: 0.096394704 | E10: 0.75609577 | F10: 0.74183059 | G10: 0.74889523 | H10: 0.49373192 | I10: 0.16602317 | J10: 0.18997107 | K10: 0.28640309 | L10: 0 | M10: 0 | N10: 0.99999994 | O10: 0.99999994
A11: 3_Mateus de Andrade | B11: texto_prompt_0 | C11: gpt4o_temp03 | D11: 0.055349375 | E11: 0.73778152 | F11: 0.73589826 | G11: 0.7368387 | H11: 0.45812535 | I11: 0.12215436 | J11: 0.18080976 | K11: 0.2384914 | L11: 0 | M11: 0 | N11: 0.99999994 | O11: 0.99999994
A12: 3_Mateus de Andrade | B12: texto_prompt_0 | C12: gpt4o_temp05 | D12: 0.054485462 | E12: 0.74032867 | F12: 0.73979896 | G12: 0.74006373 | H12: 0.45932485 | I12: 0.11745152 | J12: 0.18483675 | K12: 0.24903154 | L12: 0 | M12: 0 | N12: 0.99999994 | O12: 0.99999994
A13: 3_Mateus de Andrade | B13: texto_prompt_0 | C13: gpt4o_temp07 | D13: 0.054416409 | E13: 0.73679405 | F13: 0.73114675 | G13: 0.73395956 | H13: 0.43509492 | I13: 0.11504879 | J13: 0.18060544 | K13: 0.24833248 | L13: 0 | M13: 0 | N13: 0.99999994 | O13: 0.99999994
... A19: 5_Pedro Guilherme | B19: texto_prompt_0 | C19: gpt4o_temp07 | D19: 0.06036187 | E19: 0.74718565 | F19: 0.73581374 | G19: 0.74145615 | H19: 0.49849246 | I19: 0.17002012 | J19: 0.18090452 | K19: 0.27537688 | L19: 0 | M19: 0 | N19: 0.99999994 | O19: 0.99999994

Sheet Llama
A1: id | B1: modification_type | C1: generator_model | D1: BLEU_score | E1: BERTScore_Precision | F1: BERTScore_Recall | G1: BERTScore_F1 | H1: rouge1 | I1: rouge2 | J1: rougeL | K1: rougeLsum | L1: CTC_groundness | M1: CTC_groundness_ref | N1: CTC_factual | O1: CTC_factual_ref
A2: 0_Ana Luiza | B2: texto_prompt_0 | C2: llama_405b_temp03 | D2: 0.066466234 | E2: 0.74499655 | F2: 0.73544496 | G2: 0.74018991 | H2: 0.47584541 | I2: 0.13905683 | J2: 0.19323671 | K2: 0.26690821 | L2: 0 | M2: 0 | N2: 0.99999994 | O2: 0.82713348
A3: 0_Ana Luiza | B3: texto_prompt_0 | C3: llama_405b_temp05 | D3: 0.042994755 | E3: 0.74204338 | F3: 0.73585701 | G3: 0.7389372 | H3: 0.44266667 | I3: 0.13217623 | J3: 0.17733333 | K3: 0.252 | L3: 0 | M3: 0 | N3: 0.76935196 | O3: 0.81532657
A4: 0_Ana Luiza | B4: texto_prompt_0 | C4: llama_405b_temp07 | D4: 0.05260459 | E4: 0.74790078 | F4: 0.72635496 | G4: 0.73697042 | H4: 0.41397849 | I4: 0.11978466 | J4: 0.18145161 | K4: 0.23521505 | L4: 0 | M4: 0 | N4: 0.99999994 | O4: 0.82713348
A5: 0_Ana Luiza | B5: texto_prompt_0 | C5: llama_8b_temp03 | D5: 0.06213829 | E5: 0.73885053 | F5: 0.7320838 | G5: 0.73545158 | H5: 0.48611968 | I5: 0.13094503 | J5: 0.19370759 | K5: 0.23935842 | L5: 0 | M5: 0 | N5: 0.99999994 | O5: 0.82713348
A6: 0_Ana Luiza | B6: texto_prompt_0 | C6: llama_8b_temp05 | D6: 0.055553639 | E6: 0.73885053 | F6: 0.7320838 | G6: 0.73545158 | H6: 0.47361647 | I6: 0.13273196 | J6: 0.18532819 | K6: 0.23294723 | L6: 0 | M6: 0 | N6: 0.99999994 | O6: 0.82713348
A7: 0_Ana Luiza | B7: texto_prompt_0 | C7: llama_8b_temp07 | D7: 0.045373088 | E7: 0.74257421 | F7: 0.73518372 | G7: 0.73886049 | H7: 0.46452477 | I7: 0.13538874 | J7: 0.18340027 | K7: 0.24631861 | L7: 0 | M7: 0 | N7: 0.99999994 | O7: 0.82713348
A8: 1_Gabriel Joaquim | B8: texto_prompt_0 | C8: llama_405b_temp03 | D8: 0.040185484 | E8: 0.72016239 | F8: 0.70007664 | G8: 0.70997751 | H8: 0.43061605 | I8: 0.10841121 | J8: 0.18419415 | K8: 0.25015557 | L8: 0 | M8: 0 | N8: 0.99999994 | O8: 0.55453807
A9: 1_Gabriel Joaquim | B9: texto_prompt_0 | C9: llama_405b_temp05 | D9: 0.034190475 | E9: 0.7186017 | F9: 0.69858062 | G9: 0.70844972 | H9: 0.39972433 | I9: 0.10213941 | J9: 0.18056513 | K9: 0.22742936 | L9: 0 | M9: 0 | N9: 0.76935196 | O9: 0.48749489
A10: 1_Gabriel Joaquim | B10: texto_prompt_0 | C10: llama_405b_temp07 | D10: 0.037631415 | E10: 0.72475362 | F10: 0.69487667 | G10: 0.70950073 | H10: 0.39193885 | I10: 0.10716771 | J10: 0.18346074 | K10: 0.2237665 | L10: 0 | M10: 0 | N10: 0.99999994 | O10: 0.55453807
A11: 1_Gabriel Joaquim | B11: texto_prompt_0 | C11: llama_8b_temp03 | D11: 0.023412628 | E11: 0.71515155 | F11: 0.69363141 | G11: 0.70422709 | H11: 0.4605598 | I11: 0.10573248 | J11: 0.19847328 | K11: 0.23536896 | L11: 0 | M11: 0 | N11: 0.99999994 | O11: 0.55453807
A12: 1_Gabriel Joaquim | B12: texto_prompt_0 | C12: llama_8b_temp05 | D12: 0.021649836 | E12: 0.71515155 | F12: 0.69363141 | G12: 0.70422709 | H12: 0.45049834 | I12: 0.10645376 | J12: 0.20066445 | K12: 0.22724252 | L12: 0 | M12: 0 | N12: 0.99999994 | O12: 0.55453807
A13: 1_Gabriel Joaquim | B13: texto_prompt_0 | C13: llama_8b_temp07 | D13: 0.018599706 | E13: 0.71995127 | F13: 0.69795686 | G13: 0.70878345 | H13: 0.43737024 | I13: 0.10672211 | J13: 0.19515571 | K13: 0.2366782 | L13: 0 | M13: 0 | N13: 0.99999994 | O13: 0.55453807
... A37: 5_Pedro Guilherme | B37: texto_prompt_0 | C37: llama_8b_temp07 | D37: 0.053435262 | E37: 0.73337573 | F37: 0.71826971 | G37: 0.72574419 | H37: 0.517215 | I37: 0.15172414 | J37: 0.19280796 | K37: 0.26625861 | L37: 0 | M37: 0 | N37: 0.99999994 | O37: 0.99999994

Sheet Mixtral
A1: id | B1: modification_type | C1: generator_model | D1: BLEU_score | E1: BERTScore_Precision | F1: BERTScore_Recall | G1: BERTScore_F1 | H1: rouge1 | I1: rouge2 | J1: rougeL | K1: rougeLsum | L1: CTC_groundness | M1: CTC_groundness_ref | N1: CTC_factual | O1: CTC_factual_ref
A2: 0_Ana Luiza | B2: texto_prompt_0 | C2: mixtral_8x22b_temp03 | D2: 0.029430397 | E2: 0.74847782 | F2: 0.73709393 | G2: 0.74274224 | H2: 0.38362069 | I2: 0.12805755 | J2: 0.16954023 | K2: 0.23850575 | L2: 0 | M2: 0 | N2: 0.99999994 | O2: 0.82713348
A3: 0_Ana Luiza | B3: texto_prompt_0 | C3: mixtral_8x22b_temp05 | D3: 0.043361729 | E3: 0.74461603 | F3: 0.73705316 | G3: 0.74081528 | H3: 0.40437158 | I3: 0.12585499 | J3: 0.18032787 | K3: 0.25136612 | L3: 0 | M3: 0 | N3: 0.99999994 | O3: 0.82713348
A4: 0_Ana Luiza | B4: texto_prompt_0 | C4: mixtral_8x22b_temp07 | D4: 0.070487778 | E4: 0.76395571 | F4: 0.74382192 | G4: 0.75375438 | H4: 0.44719687 | I4: 0.14360313 | J4: 0.18644068 | K4: 0.25032595 | L4: 0 | M4: 0 | N4: 0.76935196 | O4: 0.81532657
A5: 0_Ana Luiza | B5: texto_prompt_0 | C5: mixtral_8x7b_temp03 | D5: 0.054134064 | E5: 0.74463999 | F5: 0.73184299 | G5: 0.738186 | H5: 0.4665392 | I5: 0.13401404 | J5: 0.19885277 | K5: 0.26768642 | L5: 0 | M5: 0 | N5: 0.99999994 | O5: 0.82713348
A6: 0_Ana Luiza | B6: texto_prompt_0 | C6: mixtral_8x7b_temp05 | D6: 0.022057002 | E6: 0.7444973 | F6: 0.73199075 | G6: 0.73819107 | H6: 0.38978102 | I6: 0.11403509 | J6: 0.16350365 | K6: 0.22627737 | L6: 0 | M6: 0 | N6: 0.99999994 | O6: 0.82713348
A7: 0_Ana Luiza | B7: texto_prompt_0 | C7: mixtral_8x7b_temp07 | D7: 0.035213148 | E7: 0.73155594 | F7: 0.74213481 | G7: 0.73680741 | H7: 0.42564802 | I7: 0.12704918 | J7: 0.17462483 | K7: 0.24693042 | L7: 0 | M7: 0 | N7: 0.99999994 | O7: 0.82713348
A8: 1_Gabriel Joaquim | B8: texto_prompt_0 | C8: mixtral_8x22b_temp03 | D8: 0.018045276 | E8: 0.71624732 | F8: 0.69162029 | G8: 0.70371842 | H8: 0.37230082 | I8: 0.095451156 | J8: 0.16232316 | K8: 0.21444527 | L8: 0 | M8: 0 | N8: 0.99999994 | O8: 0.55453807
A9: 1_Gabriel Joaquim | B9: texto_prompt_0 | C9: mixtral_8x22b_temp05 | D9: 0.040168805 | E9: 0.73271084 | F9: 0.70712805 | G9: 0.71969217 | H9: 0.39858657 | I9: 0.11606511 | J9: 0.18091873 | K9: 0.23321555 | L9: 0 | M9: 0 | N9: 0.99999994 | O9: 0.55453807
A10: 1_Gabriel Joaquim | B10: texto_prompt_0 | C10: mixtral_8x22b_temp07 | D10: 0.045682241 | E10: 0.7391147 | F10: 0.70435071 | G10: 0.72131407 | H10: 0.40673401 | I10: 0.10788941 | J10: 0.17643098 | K10: 0.24107744 | L10: 0 | M10: 0 | N10: 0.76935196 | O10: 0.48749489
A11: 1_Gabriel Joaquim | B11: texto_prompt_0 | C11: mixtral_8x7b_temp03 | D11: 0.03786532 | E11: 0.72632504 | F11: 0.70061564 | G11: 0.71323872 | H11: 0.44473684 | I11: 0.11462451 | J11: 0.17894737 | K11: 0.25526316 | L11: 0 | M11: 0 | N11: 0.99999994 | O11: 0.55453807
A12: 1_Gabriel Joaquim | B12: texto_prompt_0 | C12: mixtral_8x7b_temp05 | D12: 0.020104206 | E12: 0.72621441 | F12: 0.70055008 | G12: 0.7131514 | H12: 0.37395912 | I12: 0.10462472 | J12: 0.1665405 | K12: 0.21801665 | L12: 0 | M12: 0 | N12: 0.99999994 | O12: 0.55453807
A13: 1_Gabriel Joaquim | B13: texto_prompt_0 | C13: mixtral_8x7b_temp07 | D13: 0.020553179 | E13: 0.72305673 | F13: 0.70580155 | G13: 0.71432495 | H13: 0.3895554 | I13: 0.084805654 | J13: 0.17360621 | K13: 0.23288638 | L13: 0 | M13: 0 | N13: 0.99999994 | O13: 0.55453807
... A37: 5_Pedro Guilherme | B37: texto_prompt_0 | C37: mixtral_8x7b_temp07 | D37: 0.045301866 | E37: 0.72879648 | F37: 0.71742785 | G37: 0.72306752 | H37: 0.47224394 | I37: 0.13469068 | J37: 0.17044566 | K37: 0.26114152 | L37: 0 | M37: 0 | N37: 0.99999994 | O37: 0.99999994

Sheet Phi
A1: id | B1: modification_type | C1: generator_model | D1: BLEU_score | E1: BERTScore_Precision | F1: BERTScore_Recall | G1: BERTScore_F1 | H1: rouge1 | I1: rouge2 | J1: rougeL | K1: rougeLsum | L1: CTC_groundness | M1: CTC_groundness_ref | N1: CTC_factual | O1: CTC_factual_ref
A2: 0_Ana Luiza | B2: texto_prompt_0 | C2: phi_3.5_vision_temp03 | D2: 0.011364789 | E2: 0.75121677 | F2: 0.73051333 | G2: 0.74072045 | H2: 0.31086439 | I2: 0.10643368 | J2: 0.13798573 | K2: 0.19191118 | L2: 0 | M2: 0 | N2: 0.76935196 | O2: 0.81532657
A3: 0_Ana Luiza | B3: texto_prompt_0 | C3: phi_3.5_vision_temp05 | D3: 0.011364789 | E3: 0.75121677 | F3: 0.73051333 | G3: 0.74072045 | H3: 0.31086439 | I3: 0.10643368 | J3: 0.13798573 | K3: 0.19191118 | L3: 0 | M3: 0 | N3: 0.76935196 | O3: 0.81532657
A4: 0_Ana Luiza | B4: texto_prompt_0 | C4: phi_3.5_vision_temp07 | D4: 0.012332305 | E4: 0.75276965 | F4: 0.73368764 | G4: 0.74310613 | H4: 0.3223835 | I4: 0.096403979 | J4: 0.15278839 | K4: 0.19404125 | L4: 0 | M4: 0 | N4: 0.76935196 | O4: 0.81532657
A5: 0_Ana Luiza | B5: texto_prompt_0 | C5: phi_3_mini_temp03 | D5: 0.014001339 | E5: 0.74561805 | F5: 0.73733658 | G5: 0.74145412 | H5: 0.36119403 | I5: 0.10164425 | J5: 0.16567164 | K5: 0.21492537 | L5: 0.7023139 | M5: 0.6929934 | N5: 0.7023139 | O5: 0.6929934
A6: 0_Ana Luiza | B6: texto_prompt_0 | C6: phi_3_mini_temp05 | D6: 0.022982491 | E6: 0.74618888 | F6: 0.73134822 | G6: 0.73869401 | H6: 0.35610465 | I6: 0.097525473 | J6: 0.16133721 | K6: 0.21366279 | L6: 0 | M6: 0 | N6: 0.76935196 | O6: 0.81532657
A7: 0_Ana Luiza | B7: texto_prompt_0 | C7: phi_3_mini_temp07 | D7: 0.021697156 | E7: 0.7289598 | F7: 0.72899503 | G7: 0.72897738 | H7: 0.35678749 | I7: 0.095373665 | J7: 0.16062544 | K7: 0.21321962 | L7: 0.82713348 | M7: 1 | N7: 0.82713348 | O7: 1
A8: 1_Gabriel Joaquim | B8: texto_prompt_0 | C8: phi_3.5_vision_temp03 | D8: 0.011668953 | E8: 0.73847437 | F8: 0.70169783 | G8: 0.71961653 | H8: 0.30363036 | I8: 0.085950413 | J8: 0.15016502 | K8: 0.19471947 | L8: 0 | M8: 0 | N8: 0.76935196 | O8: 0.48749489
A9: 1_Gabriel Joaquim | B9: texto_prompt_0 | C9: phi_3.5_vision_temp05 | D9: 0.011668953 | E9: 0.73847437 | F9: 0.70169783 | G9: 0.71961653 | H9: 0.30363036 | I9: 0.085950413 | J9: 0.15016502 | K9: 0.19471947 | L9: 0 | M9: 0 | N9: 0.76935196 | O9: 0.48749489
A10: 1_Gabriel Joaquim | B10: texto_prompt_0 | C10: phi_3.5_vision_temp07 | D10: 0.011709434 | E10: 0.72817445 | F10: 0.68907416 | G10: 0.70808494 | H10: 0.32222222 | I10: 0.079491256 | J10: 0.16190476 | K10: 0.18888889 | L10: 0 | M10: 0 | N10: 0.76935196 | O10: 0.48749489
A11: 1_Gabriel Joaquim | B11: texto_prompt_0 | C11: phi_3_mini_temp03 | D11: 0.010740672 | E11: 0.71537161 | F11: 0.70161891 | G11: 0.7084285 | H11: 0.33152595 | I11: 0.057408844 | J11: 0.15956623 | K11: 0.21068939 | L11: 0.7023139 | M11: 0.64298242 | N11: 0.7023139 | O11: 0.64298242
A12: 1_Gabriel Joaquim | B12: texto_prompt_0 | C12: phi_3_mini_temp05 | D12: 0.023489843 | E12: 0.73593438 | F12: 0.69905102 | G12: 0.71701866 | H12: 0.32253203 | I12: 0.078490566 | J12: 0.1582517 | K12: 0.19894499 | L12: 0 | M12: 0 | N12: 0.76935196 | O12: 0.48749489
A13: 1_Gabriel Joaquim | B13: texto_prompt_0 | C13: phi_3_mini_temp07 | D13: 0.021098599 | E13: 0.72127712 | F13: 0.70578432 | G13: 0.71344668 | H13: 0.3460972 | I13: 0.081120944 | J13: 0.14874816 | K13: 0.20913108 | L13: 0.82713348 | M13: 0.52113158 | N13: 0.82713348 | O13: 0.52113158
... A37: 5_Pedro Guilherme | B37: texto_prompt_0 | C37: phi_3_mini_temp07 | D37: 0.03166702 | E37: 0.73391688 | F37: 0.72191018 | G37: 0.72786403 | H37: 0.42622951 | I37: 0.11330049 | J37: 0.16721311 | K37: 0.25409836 | L37: 0.82713348 | M37: 0.82713348 | N37: 0.82713348 | O37: 0.82713348

Sheet Qwen
A1: id | B1: modification_type | C1: generator_model | D1: BLEU_score | E1: BERTScore_Precision | F1: BERTScore_Recall | G1: BERTScore_F1 | H1: rouge1 | I1: rouge2 | J1: rougeL | K1: rougeLsum | L1: CTC_groundness | M1: CTC_groundness_ref | N1: CTC_factual | O1: CTC_factual_ref
A2: 0_Ana Luiza | B2: texto_prompt_0 | C2: qwen2_72b_temp03 | D2: 0.049276347 | E2: 0.75200194 | F2: 0.74108434 | G2: 0.74650323 | H2: 0.414651 | I2: 0.12179931 | J2: 0.17415342 | K2: 0.25431928 | L2: 0 | M2: 0 | N2: 0.99999994 | O2: 0.82713348
A3: 0_Ana Luiza | B3: texto_prompt_0 | C3: qwen2_72b_temp05 | D3: 0.042797601 | E3: 0.75470948 | F3: 0.75222206 | G3: 0.75346375 | H3: 0.39059159 | I3: 0.1184868 | J3: 0.16963649 | K3: 0.23948681 | L3: 0.7023139 | M3: 0.6929934 | N3: 0.7023139 | O3: 0.6929934
A4: 0_Ana Luiza | B4: texto_prompt_0 | C4: qwen2_72b_temp07 | D4: 0.034798505 | E4: 0.75449336 | F4: 0.74671829 | G4: 0.75058573 | H4: 0.39942322 | I4: 0.12851986 | J4: 0.16438356 | K4: 0.23071377 | L4: 0 | M4: 0 | N4: 0.99999994 | O4: 0.82713348
A5: 0_Ana Luiza | B5: texto_prompt_0 | C5: qwen2_7b_temp03 | D5: 0.015387035 | E5: 0.66962481 | F5: 0.65530962 | G5: 0.66238981 | H5: 0.32114467 | I5: 0.10191083 | J5: 0.15739269 | K5: 0.16693164 | L5: 0 | M5: 0 | N5: 0.82775801 | O5: 0.84644145
A6: 0_Ana Luiza | B6: texto_prompt_0 | C6: qwen2_7b_temp05 | D6: 0.015387035 | E6: 0.66962481 | F6: 0.65530962 | G6: 0.66238981 | H6: 0.32114467 | I6: 0.10191083 | J6: 0.15739269 | K6: 0.16693164 | L6: 0 | M6: 0 | N6: 0.82775801 | O6: 0.84644145
A7: 0_Ana Luiza | B7: texto_prompt_0 | C7: qwen2_7b_temp07 | D7: 0.022099407 | E7: 0.74341667 | F7: 0.72392589 | G7: 0.73354179 | H7: 0.35752483 | I7: 0.10711553 | J7: 0.16042781 | K7: 0.21237586 | L7: 0 | M7: 0 | N7: 0.82775801 | O7: 0.84644145
A8: 1_Gabriel Joaquim | B8: texto_prompt_0 | C8: qwen2_72b_temp03 | D8: 0.020319524 | E8: 0.72958308 | F8: 0.70751858 | G8: 0.71838146 | H8: 0.37625179 | I8: 0.08739255 | J8: 0.17167382 | K8: 0.2260372 | L8: 0 | M8: 0 | N8: 0.99999994 | O8: 0.55453807
A9: 1_Gabriel Joaquim | B9: texto_prompt_0 | C9: qwen2_72b_temp05 | D9: 0.032264429 | E9: 0.73906934 | F9: 0.71619368 | G9: 0.72745168 | H9: 0.3648449 | I9: 0.10502959 | J9: 0.16100443 | K9: 0.22895126 | L9: 0.7023139 | M9: 0.64298242 | N9: 0.7023139 | O9: 0.64298242
A10: 1_Gabriel Joaquim | B10: texto_prompt_0 | C10: qwen2_72b_temp07 | D10: 0.018762653 | E10: 0.73484927 | F10: 0.71477288 | G10: 0.72467202 | H10: 0.37219731 | I10: 0.085329341 | J10: 0.16442451 | K10: 0.2122571 | L10: 0 | M10: 0 | N10: 0.99999994 | O10: 0.55453807
A11: 1_Gabriel Joaquim | B11: texto_prompt_0 | C11: qwen2_7b_temp03 | D11: 0 | E11: 0.65038788 | F11: 0.63013124 | G11: 0.64009935 | H11: 0.30769231 | I11: 0.077879039 | J11: 0.15053763 | K11: 0.20016543 | L11: 0 | M11: 0 | N11: 0.82775801 | O11: 0.56720084
A12: 1_Gabriel Joaquim | B12: texto_prompt_0 | C12: qwen2_7b_temp05 | D12: 0 | E12: 0.65038788 | F12: 0.63013124 | G12: 0.64009935 | H12: 0.30769231 | I12: 0.077879039 | J12: 0.15053763 | K12: 0.20016543 | L12: 0 | M12: 0 | N12: 0.82775801 | O12: 0.56720084
A13: 1_Gabriel Joaquim | B13: texto_prompt_0 | C13: qwen2_7b_temp07 | D13: 0.017480168 | E13: 0.74438447 | F13: 0.7032969 | G13: 0.72325754 | H13: 0.33809524 | I13: 0.092209857 | J13: 0.15555556 | K13: 0.2 | L13: 0 | M13: 0 | N13: 0.82775801 | O13: 0.56720084
... A37: 5_Pedro Guilherme | B37: texto_prompt_0 | C37: qwen2_7b_temp07 | D37: 0.033386546 | E37: 0.74603653 | F37: 0.70213431 | G37: 0.7234199 | H37: 0.41354724 | I37: 0.14642857 | J37: 0.19073084 | K37: 0.25490196 | L37: 0 | M37: 0 | N37: 0.82775801 | O37: 0.82775801

Sheet Sabia
A1: id | B1: modification_type | C1: generator_model | D1: BLEU_score | E1: BERTScore_Precision | F1: BERTScore_Recall | G1: BERTScore_F1 | H1: rouge1 | I1: rouge2 | J1: rougeL | K1: rougeLsum | L1: CTC_groundness | M1: CTC_groundness_ref | N1: CTC_factual | O1: CTC_factual_ref
A2: 0_Ana Luiza | B2: texto_prompt_0 | C2: sabia3_temp03 | D2: 0.046922419 | E2: 0.75071949 | F2: 0.75145221 | G2: 0.75108564 | H2: 0.48367755 | I2: 0.15743829 | J2: 0.19187209 | K2: 0.26382412 | L2: 0 | M2: 0 | N2: 0.99999994 | O2: 0.82713348
A3: 0_Ana Luiza | B3: texto_prompt_0 | C3: sabia3_temp05 | D3: 0.078716701 | E3: 0.75158322 | F3: 0.75255024 | G3: 0.75206643 | H3: 0.52486519 | I3: 0.16916617 | J3: 0.18454164 | K3: 0.26602756 | L3: 0 | M3: 0 | N3: 0.99999994 | O3: 0.82713348
A4: 0_Ana Luiza | B4: texto_prompt_0 | C4: sabia3_temp07 | D4: 0.076547567 | E4: 0.75496757 | F4: 0.74746358 | G4: 0.75119686 | H4: 0.50190114 | I4: 0.16243655 | J4: 0.19011407 | K4: 0.28010139 | L4: 0 | M4: 0 | N4: 0.99999994 | O4: 0.82713348
A5: 1_Gabriel Joaquim | B5: texto_prompt_0 | C5: sabia3_temp03 | D5: 0.035264185 | E5: 0.74335688 | F5: 0.72229081 | G5: 0.73267245 | H5: 0.44490358 | I5: 0.12551724 | J5: 0.18181818 | K5: 0.24517906 | L5: 0 | M5: 0 | N5: 0.99999994 | O5: 0.55453807
A6: 1_Gabriel Joaquim | B6: texto_prompt_0 | C6: sabia3_temp05 | D6: 0.030114381 | E6: 0.73015487 | F6: 0.71192288 | G6: 0.7209236 | H6: 0.48518519 | I6: 0.12484549 | J6: 0.18641975 | K6: 0.27283951 | L6: 0 | M6: 0 | N6: 0.99999994 | O6: 0.55453807
A7: 1_Gabriel Joaquim | B7: texto_prompt_0 | C7: sabia3_temp07 | D7: 0.054309754 | E7: 0.73865676 | F7: 0.7175054 | G7: 0.72792739 | H7: 0.47874428 | I7: 0.13097577 | J7: 0.19620667 | K7: 0.27468934 | L7: 0 | M7: 0 | N7: 0.99999994 | O7: 0.55453807
A8: 2_Leonardo Maciura | B8: texto_prompt_0 | C8: sabia3_temp03 | D8: 0.063661148 | E8: 0.76532245 | F8: 0.75676674 | G8: 0.76102054 | H8: 0.49785408 | I8: 0.15472779 | J8: 0.19599428 | K8: 0.28469242 | L8: 0 | M8: 0 | N8: 0.99999994 | O8: 0.99999994
A9: 2_Leonardo Maciura | B9: texto_prompt_0 | C9: sabia3_temp05 | D9: 0.098624197 | E9: 0.75567925 | F9: 0.75251192 | G9: 0.75409228 | H9: 0.52873563 | I9: 0.15984655 | J9: 0.19795658 | K9: 0.29374202 | L9: 0 | M9: 0 | N9: 0.99999994 | O9: 0.99999994
A10: 2_Leonardo Maciura | B10: texto_prompt_0 | C10: sabia3_temp07 | D10: 0.085805442 | E10: 0.76396036 | F10: 0.75322127 | G10: 0.75855279 | H10: 0.52067797 | I10: 0.16429056 | J10: 0.21152542 | K10: 0.28067797 | L10: 0 | M10: 0 | N10: 0.99999994 | O10: 0.99999994
A11: 3_Mateus de Andrade | B11: texto_prompt_0 | C11: sabia3_temp03 | D11: 0.045756942 | E11: 0.73090148 | F11: 0.72833836 | G11: 0.72961766 | H11: 0.46818539 | I11: 0.12903226 | J11: 0.18538885 | K11: 0.24037706 | L11: 0 | M11: 0 | N11: 0.99999994 | O11: 0.99999994
A12: 3_Mateus de Andrade | B12: texto_prompt_0 | C12: sabia3_temp05 | D12: 0.066201334 | E12: 0.73692048 | F12: 0.73433006 | G12: 0.735623 | H12: 0.47328244 | I12: 0.11952745 | J12: 0.18459403 | K12: 0.27480916 | L12: 0 | M12: 0 | N12: 0.99999994 | O12: 0.99999994
A13: 3_Mateus de Andrade | B13: texto_prompt_0 | C13: sabia3_temp07 | D13: 0.057447065 | E13: 0.73368388 | F13: 0.72883725 | G13: 0.73125261 | H13: 0.48 | I13: 0.11721068 | J13: 0.19111111 | K13: 0.24740741 | L13: 0 | M13: 0 | N13: 0.99999994 | O13: 0.99999994
... A19: 5_Pedro Guilherme | B19: texto_prompt_0 | C19: sabia3_temp07 | D19: 0.069367757 | E19: 0.74829322 | F19: 0.72431046 | G19: 0.73610651 | H19: 0.54924515 | I19: 0.18718503 | J19: 0.1984184 | K19: 0.30050324 | L19: 0 | M19: 0 | N19: 0.99999994 | O19: 0.99999994

Sheet DadosGeraisExtraídosDasMétricas
A1: Geral | O1: Ana Luiza | AC1: Gabriel Joaquim | AQ1: Leonardo Maciura | BE1: Matheus de Andrade | BS1: Patrícia Camargo | CG1: Pedro Guilherme
B2: BLEU_score | C2: BERTScore_Precision | D2: BERTScore_Recall | E2: BERTScore_F1 | F2: rouge1 | G2: rouge2 | H2: rougeL | I2: rougeLsum | J2: CTC_groundness | K2: CTC_groundness_ref | L2: CTC_factual | M2: CTC_factual_ref | P2: BLEU_score | Q2: BERTScore_Precision | R2: BERTScore_Recall | S2: BERTScore_F1 | T2: rouge1 | U2: rouge2 | V2: rougeL | W2: rougeLsum | X2: CTC_groundness | Y2: CTC_groundness_ref | Z2: CTC_factual | AA2: CTC_factual_ref | AD2: BLEU_score | AE2: BERTScore_Precision | AF2: BERTScore_Recall | AG2: BERTScore_F1 | AH2: rouge1 | AI2: rouge2 | AJ2: rougeL | AK2: rougeLsum | AL2: CTC_groundness | AM2: CTC_groundness_ref | AN2: CTC_factual | AO2: CTC_factual_ref | AR2: BLEU_score | AS2: BERTScore_Precision | AT2: BERTScore_Recall | AU2: BERTScore_F1 | AV2: rouge1 | AW2: rouge2 | AX2: rougeL | AY2: rougeLsum | AZ2: CTC_groundness | BA2: CTC_groundness_ref | BB2: CTC_factual | BC2: CTC_factual_ref | BF2: BLEU_score | BG2: BERTScore_Precision | BH2: BERTScore_Recall | BI2: BERTScore_F1 | BJ2: rouge1 | BK2: rouge2 | BL2: rougeL | BM2: rougeLsum | BN2: CTC_groundness | BO2: CTC_groundness_ref | BP2: CTC_factual | BQ2: CTC_factual_ref | BT2: BLEU_score | BU2: BERTScore_Precision | BV2: BERTScore_Recall | BW2: BERTScore_F1 | BX2: rouge1 | BY2: rouge2 | BZ2: rougeL | CA2: rougeLsum | CB2: CTC_groundness | CC2: CTC_groundness_ref | CD2: CTC_factual | CE2: CTC_factual_ref | CH2: BLEU_score | CI2: BERTScore_Precision | CJ2: BERTScore_Recall | CK2: BERTScore_F1 | CL2: rouge1 | CM2: rouge2 | CN2: rougeL | CO2: rougeLsum | CP2: CTC_groundness | CQ2: CTC_groundness_ref | CR2: CTC_factual | CS2: CTC_factual_ref
A3: 1 º Maior | B3: {=INDEX('metricas_redações_diplomatas'!$C:$C, MATCH(LARGE('metricas_redações_diplomatas'!D:D, 1),'metricas_redações_diplomatas'!D:D, 0))} -> gpt4o_temp05 | C3: {=INDEX('metricas_redações_diplomatas'!$C:$C, MATCH(LARGE('metricas_redações_diplomatas'!E:E, 1),'metricas_redações_diplomatas'!E:E, 0))} -> llama_405b_temp07 | D3: {=INDEX('metricas_redações_diplomatas'!$C:$C, MATCH(LARGE('metricas_redações_diplomatas'!F:F, 1),'metricas_redações_diplomatas'!F:F, 0))} -> sabia3_temp03 | E3: {=INDEX('metricas_redações_diplomatas'!$C:$C, MATCH(LARGE('metricas_redações_diplomatas'!G:G, 1),'metricas_redações_diplomatas'!G:G, 0))} -> sabia3_temp03 | F3: {=INDEX('metricas_redações_diplomatas'!$C:$C, MATCH(LARGE('metricas_redações_diplomatas'!H:H, 1),'metricas_redações_diplomatas'!H:H, 0))} -> sabia3_temp07 | G3: {=INDEX('metricas_redações_diplomatas'!$C:$C, MATCH(LARGE('metricas_redações_diplomatas'!I:I, 1),'metricas_redações_diplomatas'!I:I, 0))} -> sabia3_temp03 | H3: {=INDEX('metricas_redações_diplomatas'!$C:$C, MATCH(LARGE('metricas_redações_diplomatas'!J:J, 1),'metricas_redações_diplomatas'!J:J, 0))} -> gemma_9b_temp05 | I3: {=INDEX('metricas_redações_diplomatas'!$C:$C, MATCH(LARGE('metricas_redações_diplomatas'!K:K, 1),'metricas_redações_diplomatas'!K:K, 0))} -> command_r_plus_08_2024_temp03 | J3: {=INDEX('metricas_redações_diplomatas'!$C:$C, MATCH(LARGE('metricas_redações_diplomatas'!L:L, 1),'metricas_redações_diplomatas'!L:L, 0))} -> phi_3_mini_temp07 | K3: {=INDEX('metricas_redações_diplomatas'!$C:$C, MATCH(LARGE('metricas_redações_diplomatas'!M:M, 1),'metricas_redações_diplomatas'!M:M, 0))} -> phi_3_mini_temp07 | L3: {=INDEX('metricas_redações_diplomatas'!$C:$C, MATCH(LARGE('metricas_redações_diplomatas'!N:N, 1),'metricas_redações_diplomatas'!N:N, 0))} -> gpt4o_temp03 | M3: {=INDEX('metricas_redações_diplomatas'!$C:$C, MATCH(LARGE('metricas_redações_diplomatas'!O:O, 1),'metricas_redações_diplomatas'!O:O, 0))} -> phi_3_mini_temp07 | O3: 1 º Maior | P3: {=INDEX('metricas_redações_diplomatas'!$C:$C, MATCH(LARGE('metricas_redações_diplomatas'!D2:D40, 1),'metricas_redações_diplomatas'!D:D, 0))} -> gpt4o_temp05 | Q3: {=INDEX('metricas_redações_diplomatas'!$C:$C, MATCH(LARGE('metricas_redações_diplomatas'!E2:E40, 1),'metricas_redações_diplomatas'!E:E, 0))} -> mixtral_8x22b_temp07 | R3: {=INDEX('metricas_redações_diplomatas'!$C:$C, MATCH(LARGE('metricas_redações_diplomatas'!F2:F40, 1),'metricas_redações_diplomatas'!F:F, 0))} -> sabia3_temp05 | S3: {=INDEX('metricas_redações_diplomatas'!$C:$C, MATCH(LARGE('metricas_redações_diplomatas'!G2:G40, 1),'metricas_redações_diplomatas'!G:G, 0))} -> gemma_9b_temp03 | T3: {=INDEX('metricas_redações_diplomatas'!$C:$C, MATCH(LARGE('metricas_redações_diplomatas'!H2:H40, 1),'metricas_redações_diplomatas'!H:H, 0))} -> gpt4o_temp07 | U3: {=INDEX('metricas_redações_diplomatas'!$C:$C, MATCH(LARGE('metricas_redações_diplomatas'!I2:I40, 1),'metricas_redações_diplomatas'!I:I, 0))} -> gpt4o_temp03 | V3: {=INDEX('metricas_redações_diplomatas'!$C:$C, MATCH(LARGE('metricas_redações_diplomatas'!J2:J40, 1),'metricas_redações_diplomatas'!J:J, 0))} -> gemma_9b_temp03 | W3: {=INDEX('metricas_redações_diplomatas'!$C:$C, MATCH(LARGE('metricas_redações_diplomatas'!K2:K40, 1),'metricas_redações_diplomatas'!K:K, 0))} -> command_r_plus_08_2024_temp07 | X3: {=INDEX('metricas_redações_diplomatas'!$C:$C, MATCH(LARGE('metricas_redações_diplomatas'!L2:L40, 1),'metricas_redações_diplomatas'!L:L, 0))} -> phi_3_mini_temp07 | Y3: {=INDEX('metricas_redações_diplomatas'!$C:$C, MATCH(LARGE('metricas_redações_diplomatas'!M2:M40, 1),'metricas_redações_diplomatas'!M:M, 0))} -> phi_3_mini_temp07 | Z3: {=INDEX('metricas_redações_diplomatas'!$C:$C, MATCH(LARGE('metricas_redações_diplomatas'!N2:N40, 1),'metricas_redações_diplomatas'!N:N, 0))} -> gpt4o_temp03 | AA3: {=INDEX('metricas_redações_diplomatas'!$C:$C, MATCH(LARGE('metricas_redações_diplomatas'!O2:O40, 1),'metricas_redações_diplomatas'!O:O, 0))} -> phi_3_mini_temp07 | AC3: 1 º Maior | AD3: {=INDEX('metricas_redações_diplomatas'!$C:$C, MATCH(LARGE('metricas_redações_diplomatas'!D$41:D$79, 1),'metricas_redações_diplomatas'!D:D, 0))} -> gpt4o_temp05 | AE3: {=INDEX('metricas_redações_diplomatas'!$C:$C, MATCH(LARGE('metricas_redações_diplomatas'!E$41:E$79, 1),'metricas_redações_diplomatas'!E:E, 0))} -> qwen2_7b_temp07 | AF3: {=INDEX('metricas_redações_diplomatas'!$C:$C, MATCH(LARGE('metricas_redações_diplomatas'!F$41:F$79, 1),'metricas_redações_diplomatas'!F:F, 0))} -> sabia3_temp03 | AG3: {=INDEX('metricas_redações_diplomatas'!$C:$C, MATCH(LARGE('metricas_redações_diplomatas'!G$41:G$79, 1),'metricas_redações_diplomatas'!G:G, 0))} -> sabia3_temp03 | AH3: {=INDEX('metricas_redações_diplomatas'!$C:$C, MATCH(LARGE('metricas_redações_diplomatas'!H$41:H$79, 1),'metricas_redações_diplomatas'!H:H, 0))} -> sabia3_temp05 | AI3: {=INDEX('metricas_redações_diplomatas'!$C:$C, MATCH(LARGE('metricas_redações_diplomatas'!I$41:I$79, 1),'metricas_redações_diplomatas'!I:I, 0))} -> gpt4o_temp03 | AJ3: {=INDEX('metricas_redações_diplomatas'!$C:$C, MATCH(LARGE('metricas_redações_diplomatas'!J$41:J$79, 1),'metricas_redações_diplomatas'!J:J, 0))} -> llama_8b_temp05 | AK3: {=INDEX('metricas_redações_diplomatas'!$C:$C, MATCH(LARGE('metricas_redações_diplomatas'!K$41:K$79, 1),'metricas_redações_diplomatas'!K:K, 0))} -> command_r_plus_08_2024_temp03 | AL3: {=INDEX('metricas_redações_diplomatas'!$C:$C, MATCH(LARGE('metricas_redações_diplomatas'!L$41:L$79, 1),'metricas_redações_diplomatas'!L:L, 0))} -> phi_3_mini_temp07 | AM3: {=INDEX('metricas_redações_diplomatas'!$C:$C, MATCH(LARGE('metricas_redações_diplomatas'!M$41:M$79, 1),'metricas_redações_diplomatas'!M:M, 0))} -> phi_3_mini_temp03 | AN3: {=INDEX('metricas_redações_diplomatas'!$C:$C, MATCH(LARGE('metricas_redações_diplomatas'!N$41:N$79, 1),'metricas_redações_diplomatas'!N:N, 0))} -> gpt4o_temp03 | AO3: {=INDEX('metricas_redações_diplomatas'!$C:$C, MATCH(LARGE('metricas_redações_diplomatas'!O$41:O$79, 1),'metricas_redações_diplomatas'!O:O, 0))} -> phi_3_mini_temp03 | AQ3: 1 º Maior | AR3: {=INDEX('metricas_redações_diplomatas'!$C:$C, MATCH(LARGE('metricas_redações_diplomatas'!D$80:D$118, 1),'metricas_redações_diplomatas'!D:D, 0))} -> gpt4o_temp05 | AS3: {=INDEX('metricas_redações_diplomatas'!$C:$C, MATCH(LARGE('metricas_redações_diplomatas'!E$80:E$118, 1),'metricas_redações_diplomatas'!E:E, 0))} -> llama_405b_temp07 | AT3: {=INDEX('metricas_redações_diplomatas'!$C:$C, MATCH(LARGE('metricas_redações_diplomatas'!F$80:F$118, 1),'metricas_redações_diplomatas'!F:F, 0))} -> sabia3_temp03 | AU3: {=INDEX('metricas_redações_diplomatas'!$C:$C, MATCH(LARGE('metricas_redações_diplomatas'!G$80:G$118, 1),'metricas_redações_diplomatas'!G:G, 0))} -> sabia3_temp03 | AV3: {=INDEX('metricas_redações_diplomatas'!$C:$C, MATCH(LARGE('metricas_redações_diplomatas'!H$80:H$118, 1),'metricas_redações_diplomatas'!H:H, 0))} -> sabia3_temp05 | AW3: {=INDEX('metricas_redações_diplomatas'!$C:$C, MATCH(LARGE('metricas_redações_diplomatas'!I$80:I$118, 1),'metricas_redações_diplomatas'!I:I, 0))} -> gpt4o_temp05 | AX3: {=INDEX('metricas_redações_diplomatas'!$C:$C, MATCH(LARGE('metricas_redações_diplomatas'!J$80:J$118, 1),'metricas_redações_diplomatas'!J:J, 0))} -> gemma_9b_temp05 | AY3: {=INDEX('metricas_redações_diplomatas'!$C:$C, MATCH(LARGE('metricas_redações_diplomatas'!K$80:K$118, 1),'metricas_redações_diplomatas'!K:K, 0))} -> sabia3_temp05 | AZ3: {=INDEX('metricas_redações_diplomatas'!$C:$C, MATCH(LARGE('metricas_redações_diplomatas'!L$80:L$118, 1),'metricas_redações_diplomatas'!L:L, 0))} -> phi_3_mini_temp07 | BA3: {=INDEX('metricas_redações_diplomatas'!$C:$C, MATCH(LARGE('metricas_redações_diplomatas'!M$80:M$118, 1),'metricas_redações_diplomatas'!M:M, 0))} -> phi_3_mini_temp07 | BB3: {=INDEX('metricas_redações_diplomatas'!$C:$C, MATCH(LARGE('metricas_redações_diplomatas'!N$80:N$118, 1),'metricas_redações_diplomatas'!N:N, 0))} -> gpt4o_temp03 | BC3: {=INDEX('metricas_redações_diplomatas'!$C:$C, MATCH(LARGE('metricas_redações_diplomatas'!O$80:O$118, 1),'metricas_redações_diplomatas'!O:O, 0))} -> gpt4o_temp03 | BE3: 1 º Maior | BF3: {=INDEX('metricas_redações_diplomatas'!$C:$C, MATCH(LARGE('metricas_redações_diplomatas'!D$119:D$157, 1),'metricas_redações_diplomatas'!D:D, 0))} -> sabia3_temp05 | BG3: {=INDEX('metricas_redações_diplomatas'!$C:$C, MATCH(LARGE('metricas_redações_diplomatas'!E$119:E$157, 1),'metricas_redações_diplomatas'!E:E, 0))} -> mixtral_8x22b_temp07 | BH3: {=INDEX('metricas_redações_diplomatas'!$C:$C, MATCH(LARGE('metricas_redações_diplomatas'!F$119:F$157, 1),'metricas_redações_diplomatas'!F:F, 0))} -> gpt4o_temp05 | BI3: {=INDEX('metricas_redações_diplomatas'!$C:$C, MATCH(LARGE('metricas_redações_diplomatas'!G$119:G$157, 1),'metricas_redações_diplomatas'!G:G, 0))} -> gpt4o_temp05 | BJ3: {=INDEX('metricas_redações_diplomatas'!$C:$C, MATCH(LARGE('metricas_redações_diplomatas'!H$119:H$157, 1),'metricas_redações_diplomatas'!H:H, 0))} -> sabia3_temp07 | BK3: {=INDEX('metricas_redações_diplomatas'!$C:$C, MATCH(LARGE('metricas_redações_diplomatas'!I$119:I$157, 1),'metricas_redações_diplomatas'!I:I, 0))} -> llama_405b_temp05 | BL3: {=INDEX('metricas_redações_diplomatas'!$C:$C, MATCH(LARGE('metricas_redações_diplomatas'!J$119:J$157, 1),'metricas_redações_diplomatas'!J:J, 0))} -> gemma_9b_temp07 | BM3: {=INDEX('metricas_redações_diplomatas'!$C:$C, MATCH(LARGE('metricas_redações_diplomatas'!K$119:K$157, 1),'metricas_redações_diplomatas'!K:K, 0))} -> command_r_plus_08_2024_temp05 | BN3: {=INDEX('metricas_redações_diplomatas'!$C:$C, MATCH(LARGE('metricas_redações_diplomatas'!L$119:L$157, 1),'metricas_redações_diplomatas'!L:L, 0))} -> phi_3_mini_temp07 | BO3: {=INDEX('metricas_redações_diplomatas'!$C:$C, MATCH(LARGE('metricas_redações_diplomatas'!M$119:M$157, 1),'metricas_redações_diplomatas'!M:M, 0))} -> phi_3_mini_temp07 | BP3: {=INDEX('metricas_redações_diplomatas'!$C:$C, MATCH(LARGE('metricas_redações_diplomatas'!N$119:N$157, 1),'metricas_redações_diplomatas'!N:N, 0))} -> gpt4o_temp03 | BQ3: {=INDEX('metricas_redações_diplomatas'!$C:$C, MATCH(LARGE('metricas_redações_diplomatas'!O$119:O$157, 1),'metricas_redações_diplomatas'!O:O, 0))} -> gpt4o_temp03 | BS3: 1 º Maior | BT3: {=INDEX('metricas_redações_diplomatas'!$C:$C, MATCH(LARGE('metricas_redações_diplomatas'!D$158:D$196, 1),'metricas_redações_diplomatas'!D:D, 0))} -> llama_405b_temp03 | BU3: {=INDEX('metricas_redações_diplomatas'!$C:$C, MATCH(LARGE('metricas_redações_diplomatas'!E$158:E$196, 1),'metricas_redações_diplomatas'!E:E, 0))} -> mixtral_8x22b_temp03 | BV3: {=INDEX('metricas_redações_diplomatas'!$C:$C, MATCH(LARGE('metricas_redações_diplomatas'!F$158:F$196, 1),'metricas_redações_diplomatas'!F:F, 0))} -> sabia3_temp05 | BW3: {=INDEX('metricas_redações_diplomatas'!$C:$C, MATCH(LARGE('metricas_redações_diplomatas'!G$158:G$196, 1),'metricas_redações_diplomatas'!G:G, 0))} -> sabia3_temp03 | BX3: {=INDEX('metricas_redações_diplomatas'!$C:$C, MATCH(LARGE('metricas_redações_diplomatas'!H$158:H$196, 1),'metricas_redações_diplomatas'!H:H, 0))} -> sabia3_temp05 | BY3: {=INDEX('metricas_redações_diplomatas'!$C:$C, MATCH(LARGE('metricas_redações_diplomatas'!I$158:I$196, 1),'metricas_redações_diplomatas'!I:I, 0))} -> sabia3_temp07 | BZ3: {=INDEX('metricas_redações_diplomatas'!$C:$C, MATCH(LARGE('metricas_redações_diplomatas'!J$158:J$196, 1),'metricas_redações_diplomatas'!J:J, 0))} -> sabia3_temp03 | CA3: {=INDEX('metricas_redações_diplomatas'!$C:$C, MATCH(LARGE('metricas_redações_diplomatas'!K$158:K$196, 1),'metricas_redações_diplomatas'!K:K, 0))} -> mixtral_8x7b_temp03 | CB3: {=INDEX('metricas_redações_diplomatas'!$C:$C, MATCH(LARGE('metricas_redações_diplomatas'!L$158:L$196, 1),'metricas_redações_diplomatas'!L:L, 0))} -> phi_3_mini_temp07 | CC3: {=INDEX('metricas_redações_diplomatas'!$C:$C, MATCH(LARGE('metricas_redações_diplomatas'!M$158:M$196, 1),'metricas_redações_diplomatas'!M:M, 0))} -> phi_3_mini_temp07 | CD3: {=INDEX('metricas_redações_diplomatas'!$C:$C, MATCH(LARGE('metricas_redações_diplomatas'!N$158:N$196, 1),'metricas_redações_diplomatas'!N:N, 0))} -> gpt4o_temp03 | CE3: {=INDEX('metricas_redações_diplomatas'!$C:$C, MATCH(LARGE('metricas_redações_diplomatas'!O$158:O$196, 1),'metricas_redações_diplomatas'!O:O, 0))} -> gpt4o_temp03 | CG3: 1 º Maior | CH3: {=INDEX('metricas_redações_diplomatas'!$C:$C, MATCH(LARGE('metricas_redações_diplomatas'!D$197:D$235, 1),'metricas_redações_diplomatas'!D:D, 0))} -> command_r_plus_08_2024_temp05 | CI3: {=INDEX('metricas_redações_diplomatas'!$C:$C, MATCH(LARGE('metricas_redações_diplomatas'!E$197:E$235, 1),'metricas_redações_diplomatas'!E:E, 0))} -> sabia3_temp03 | CJ3: {=INDEX('metricas_redações_diplomatas'!$C:$C, MATCH(LARGE('metricas_redações_diplomatas'!F$197:F$235, 1),'metricas_redações_diplomatas'!F:F, 0))} -> gpt4o_temp07 | CK3: {=INDEX('metricas_redações_diplomatas'!$C:$C, MATCH(LARGE('metricas_redações_diplomatas'!G$197:G$235, 1),'metricas_redações_diplomatas'!G:G, 0))} -> sabia3_temp03 | CL3: {=INDEX('metricas_redações_diplomatas'!$C:$C, MATCH(LARGE('metricas_redações_diplomatas'!H$197:H$235, 1),'metricas_redações_diplomatas'!H:H, 0))} -> sabia3_temp07 | CM3: {=INDEX('metricas_redações_diplomatas'!$C:$C, MATCH(LARGE('metricas_redações_diplomatas'!I$197:I$235, 1),'metricas_redações_diplomatas'!I:I, 0))} -> sabia3_temp03 | CN3: {=INDEX('metricas_redações_diplomatas'!$C:$C, MATCH(LARGE('metricas_redações_diplomatas'!J$197:J$235, 1),'metricas_redações_diplomatas'!J:J, 0))} -> gemma_9b_temp03 | CO3: {=INDEX('metricas_redações_diplomatas'!$C:$C, MATCH(LARGE('metricas_redações_diplomatas'!K$197:K$235, 1),'metricas_redações_diplomatas'!K:K, 0))} -> command_r_plus_08_2024_temp03 | CP3: {=INDEX('metricas_redações_diplomatas'!$C:$C, MATCH(LARGE('metricas_redações_diplomatas'!L$197:L$235, 1),'metricas_redações_diplomatas'!L:L, 0))} -> phi_3_mini_temp07 | CQ3: {=INDEX('metricas_redações_diplomatas'!$C:$C, MATCH(LARGE('metricas_redações_diplomatas'!M$197:M$235, 1),'metricas_redações_diplomatas'!M:M, 0))} -> phi_3_mini_temp07 | CR3: {=INDEX('metricas_redações_diplomatas'!$C:$C, MATCH(LARGE('metricas_redações_diplomatas'!N$197:N$235, 1),'metricas_redações_diplomatas'!N:N, 0))} -> gpt4o_temp03 | CS3: {=INDEX('metricas_redações_diplomatas'!$C:$C, MATCH(LARGE('metricas_redações_diplomatas'!O$197:O$235, 1),'metricas_redações_diplomatas'!O:O, 0))} -> gpt4o_temp03
A4: 2 º Maior | B4: {=INDEX('metricas_redações_diplomatas'!$C:$C, MATCH(LARGE('metricas_redações_diplomatas'!D:D, 2),'metricas_redações_diplomatas'!D:D, 0))} -> gpt4o_temp03 | C4: {=INDEX('metricas_redações_diplomatas'!$C:$C, MATCH(LARGE('metricas_redações_diplomatas'!E:E, 2),'metricas_redações_diplomatas'!E:E, 0))} -> gemma_9b_temp05 | D4: {=INDEX('metricas_redações_diplomatas'!$C:$C, MATCH(LARGE('metricas_redações_diplomatas'!F:F, 2),'metricas_redações_diplomatas'!F:F, 0))} -> sabia3_temp07 | E4: {=INDEX('metricas_redações_diplomatas'!$C:$C, MATCH(LARGE('metricas_redações_diplomatas'!G:G, 2),'metricas_redações_diplomatas'!G:G, 0))} -> sabia3_temp07 | F4: {=INDEX('metricas_redações_diplomatas'!$C:$C, MATCH(LARGE('metricas_redações_diplomatas'!H:H, 2),'metricas_redações_diplomatas'!H:H, 0))} -> sabia3_temp05 | G4: {=INDEX('metricas_redações_diplomatas'!$C:$C, MATCH(LARGE('metricas_redações_diplomatas'!I:I, 2),'metricas_redações_diplomatas'!I:I, 0))} -> sabia3_temp07 | H4: {=INDEX('metricas_redações_diplomatas'!$C:$C, MATCH(LARGE('metricas_redações_diplomatas'!J:J, 2),'metricas_redações_diplomatas'!J:J, 0))} -> gemma_9b_temp03 | I4: {=INDEX('metricas_redações_diplomatas'!$C:$C, MATCH(LARGE('metricas_redações_diplomatas'!K:K, 2),'metricas_redações_diplomatas'!K:K, 0))} -> sabia3_temp07 | J4: {=INDEX('metricas_redações_diplomatas'!$C:$C, MATCH(LARGE('metricas_redações_diplomatas'!L:L, 2),'metricas_redações_diplomatas'!L:L, 0))} -> phi_3_mini_temp07 | K4: {=INDEX('metricas_redações_diplomatas'!$C:$C, MATCH(LARGE('metricas_redações_diplomatas'!M:M, 2),'metricas_redações_diplomatas'!M:M, 0))} -> phi_3_mini_temp07 | L4: {=INDEX('metricas_redações_diplomatas'!$C:$C, MATCH(LARGE('metricas_redações_diplomatas'!N:N, 2),'metricas_redações_diplomatas'!N:N, 0))} -> gpt4o_temp03 | M4: {=INDEX('metricas_redações_diplomatas'!$C:$C, MATCH(LARGE('metricas_redações_diplomatas'!O:O, 2),'metricas_redações_diplomatas'!O:O, 0))} -> gpt4o_temp03 | O4: 2 º Maior | P4: {=INDEX('metricas_redações_diplomatas'!$C:$C, MATCH(LARGE('metricas_redações_diplomatas'!D2:D40, 2),'metricas_redações_diplomatas'!D:D, 0))} -> gpt4o_temp03 | Q4: {=INDEX('metricas_redações_diplomatas'!$C:$C, MATCH(LARGE('metricas_redações_diplomatas'!E2:E40, 2),'metricas_redações_diplomatas'!E:E, 0))} -> gemma_9b_temp05 | R4: {=INDEX('metricas_redações_diplomatas'!$C:$C, MATCH(LARGE('metricas_redações_diplomatas'!F2:F40, 2),'metricas_redações_diplomatas'!F:F, 0))} -> qwen2_72b_temp05 | S4: {=INDEX('metricas_redações_diplomatas'!$C:$C, MATCH(LARGE('metricas_redações_diplomatas'!G2:G40, 2),'metricas_redações_diplomatas'!G:G, 0))} -> gemma_9b_temp05 | T4: {=INDEX('metricas_redações_diplomatas'!$C:$C, MATCH(LARGE('metricas_redações_diplomatas'!H2:H40, 2),'metricas_redações_diplomatas'!H:H, 0))} -> gpt4o_temp03 | U4: {=INDEX('metricas_redações_diplomatas'!$C:$C, MATCH(LARGE('metricas_redações_diplomatas'!I2:I40, 2),'metricas_redações_diplomatas'!I:I, 0))} -> gpt4o_temp05 | V4: {=INDEX('metricas_redações_diplomatas'!$C:$C, MATCH(LARGE('metricas_redações_diplomatas'!J2:J40, 2),'metricas_redações_diplomatas'!J:J, 0))} -> gemma_9b_temp05 | W4: {=INDEX('metricas_redações_diplomatas'!$C:$C, MATCH(LARGE('metricas_redações_diplomatas'!K2:K40, 2),'metricas_redações_diplomatas'!K:K, 0))} -> gpt4o_temp07 | X4: {=INDEX('metricas_redações_diplomatas'!$C:$C, MATCH(LARGE('metricas_redações_diplomatas'!L2:L40, 2),'metricas_redações_diplomatas'!L:L, 0))} -> phi_3_mini_temp03 | Y4: {=INDEX('metricas_redações_diplomatas'!$C:$C, MATCH(LARGE('metricas_redações_diplomatas'!M2:M40, 2),'metricas_redações_diplomatas'!M:M, 0))} -> phi_3_mini_temp03 | Z4: {=INDEX('metricas_redações_diplomatas'!$C:$C, MATCH(LARGE('metricas_redações_diplomatas'!N2:N40, 2),'metricas_redações_diplomatas'!N:N, 0))} -> gpt4o_temp03 | AA4: {=INDEX('metricas_redações_diplomatas'!$C:$C, MATCH(LARGE('metricas_redações_diplomatas'!O2:O40, 2),'metricas_redações_diplomatas'!O:O, 0))} -> qwen2_7b_temp03 | AC4: 2 º Maior | AD4: {=INDEX('metricas_redações_diplomatas'!$C:$C, MATCH(LARGE('metricas_redações_diplomatas'!D$41:D$79, 2),'metricas_redações_diplomatas'!D:D, 0))} -> gpt4o_temp03 | AE4: {=INDEX('metricas_redações_diplomatas'!$C:$C, MATCH(LARGE('metricas_redações_diplomatas'!E$41:E$79, 2),'metricas_redações_diplomatas'!E:E, 0))} -> sabia3_temp03 | AF4: {=INDEX('metricas_redações_diplomatas'!$C:$C, MATCH(LARGE('metricas_redações_diplomatas'!F$41:F$79, 2),'metricas_redações_diplomatas'!F:F, 0))} -> gpt4o_temp05 | AG4: {=INDEX('metricas_redações_diplomatas'!$C:$C, MATCH(LARGE('metricas_redações_diplomatas'!G$41:G$79, 2),'metricas_redações_diplomatas'!G:G, 0))} -> gpt4o_temp05 | AH4: {=INDEX('metricas_redações_diplomatas'!$C:$C, MATCH(LARGE('metricas_redações_diplomatas'!H$41:H$79, 2),'metricas_redações_diplomatas'!H:H, 0))} -> gpt4o_temp03 | AI4: {=INDEX('metricas_redações_diplomatas'!$C:$C, MATCH(LARGE('metricas_redações_diplomatas'!I$41:I$79, 2),'metricas_redações_diplomatas'!I:I, 0))} -> gpt4o_temp05 | AJ4: {=INDEX('metricas_redações_diplomatas'!$C:$C, MATCH(LARGE('metricas_redações_diplomatas'!J$41:J$79, 2),'metricas_redações_diplomatas'!J:J, 0))} -> llama_8b_temp03 | AK4: {=INDEX('metricas_redações_diplomatas'!$C:$C, MATCH(LARGE('metricas_redações_diplomatas'!K$41:K$79, 2),'metricas_redações_diplomatas'!K:K, 0))} -> command_r_plus_08_2024_temp05 | AL4: {=INDEX('metricas_redações_diplomatas'!$C:$C, MATCH(LARGE('metricas_redações_diplomatas'!L$41:L$79, 2),'metricas_redações_diplomatas'!L:L, 0))} -> phi_3_mini_temp03 | AM4: {=INDEX('metricas_redações_diplomatas'!$C:$C, MATCH(LARGE('metricas_redações_diplomatas'!M$41:M$79, 2),'metricas_redações_diplomatas'!M:M, 0))} -> phi_3_mini_temp03 | AN4: {=INDEX('metricas_redações_diplomatas'!$C:$C, MATCH(LARGE('metricas_redações_diplomatas'!N$41:N$79, 2),'metricas_redações_diplomatas'!N:N, 0))} -> gpt4o_temp03 | AO4: {=INDEX('metricas_redações_diplomatas'!$C:$C, MATCH(LARGE('metricas_redações_diplomatas'!O$41:O$79, 2),'metricas_redações_diplomatas'!O:O, 0))} -> phi_3_mini_temp03 | AQ4: 2 º Maior | AR4: {=INDEX('metricas_redações_diplomatas'!$C:$C, MATCH(LARGE('metricas_redações_diplomatas'!D$80:D$118, 2),'metricas_redações_diplomatas'!D:D, 0))} -> gpt4o_temp03 | AS4: {=INDEX('metricas_redações_diplomatas'!$C:$C, MATCH(LARGE('metricas_redações_diplomatas'!E$80:E$118, 2),'metricas_redações_diplomatas'!E:E, 0))} -> gemma_9b_temp05 | AT4: {=INDEX('metricas_redações_diplomatas'!$C:$C, MATCH(LARGE('metricas_redações_diplomatas'!F$80:F$118, 2),'metricas_redações_diplomatas'!F:F, 0))} -> sabia3_temp07 | AU4: {=INDEX('metricas_redações_diplomatas'!$C:$C, MATCH(LARGE('metricas_redações_diplomatas'!G$80:G$118, 2),'metricas_redações_diplomatas'!G:G, 0))} -> sabia3_temp07 | AV4: {=INDEX('metricas_redações_diplomatas'!$C:$C, MATCH(LARGE('metricas_redações_diplomatas'!H$80:H$118, 2),'metricas_redações_diplomatas'!H:H, 0))} -> sabia3_temp07 | AW4: {=INDEX('metricas_redações_diplomatas'!$C:$C, MATCH(LARGE('metricas_redações_diplomatas'!I$80:I$118, 2),'metricas_redações_diplomatas'!I:I, 0))} -> gpt4o_temp07 | AX4: {=INDEX('metricas_redações_diplomatas'!$C:$C, MATCH(LARGE('metricas_redações_diplomatas'!J$80:J$118, 2),'metricas_redações_diplomatas'!J:J, 0))} -> gemma_9b_temp03 | AY4: {=INDEX('metricas_redações_diplomatas'!$C:$C, MATCH(LARGE('metricas_redações_diplomatas'!K$80:K$118, 2),'metricas_redações_diplomatas'!K:K, 0))} -> gpt4o_temp03 | AZ4: {=INDEX('metricas_redações_diplomatas'!$C:$C, MATCH(LARGE('metricas_redações_diplomatas'!L$80:L$118, 2),'metricas_redações_diplomatas'!L:L, 0))} -> phi_3_mini_temp03 | BA4: {=INDEX('metricas_redações_diplomatas'!$C:$C, MATCH(LARGE('metricas_redações_diplomatas'!M$80:M$118, 2),'metricas_redações_diplomatas'!M:M, 0))} -> phi_3_mini_temp03 | BB4: {=INDEX('metricas_redações_diplomatas'!$C:$C, MATCH(LARGE('metricas_redações_diplomatas'!N$80:N$118, 2),'metricas_redações_diplomatas'!N:N, 0))} -> gpt4o_temp03 | BC4: {=INDEX('metricas_redações_diplomatas'!$C:$C, MATCH(LARGE('metricas_redações_diplomatas'!O$80:O$118, 2),'metricas_redações_diplomatas'!O:O, 0))} -> gpt4o_temp03 | BE4: 2 º Maior | BF4: {=INDEX('metricas_redações_diplomatas'!$C:$C, MATCH(LARGE('metricas_redações_diplomatas'!D$119:D$157, 2),'metricas_redações_diplomatas'!D:D, 0))} -> llama_405b_temp07 | BG4: {=INDEX('metricas_redações_diplomatas'!$C:$C, MATCH(LARGE('metricas_redações_diplomatas'!E$119:E$157, 2),'metricas_redações_diplomatas'!E:E, 0))} -> llama_405b_temp07 | BH4: {=INDEX('metricas_redações_diplomatas'!$C:$C, MATCH(LARGE('metricas_redações_diplomatas'!F$119:F$157, 2),'metricas_redações_diplomatas'!F:F, 0))} -> gpt4o_temp03 | BI4: {=INDEX('metricas_redações_diplomatas'!$C:$C, MATCH(LARGE('metricas_redações_diplomatas'!G$119:G$157, 2),'metricas_redações_diplomatas'!G:G, 0))} -> mixtral_8x22b_temp07 | BJ4: {=INDEX('metricas_redações_diplomatas'!$C:$C, MATCH(LARGE('metricas_redações_diplomatas'!H$119:H$157, 2),'metricas_redações_diplomatas'!H:H, 0))} -> gemma_9b_temp05 | BK4: {=INDEX('metricas_redações_diplomatas'!$C:$C, MATCH(LARGE('metricas_redações_diplomatas'!I$119:I$157, 2),'metricas_redações_diplomatas'!I:I, 0))} -> llama_405b_temp05 | BL4: {=INDEX('metricas_redações_diplomatas'!$C:$C, MATCH(LARGE('metricas_redações_diplomatas'!J$119:J$157, 2),'metricas_redações_diplomatas'!J:J, 0))} -> gemma_9b_temp05 | BM4: {=INDEX('metricas_redações_diplomatas'!$C:$C, MATCH(LARGE('metricas_redações_diplomatas'!K$119:K$157, 2),'metricas_redações_diplomatas'!K:K, 0))} -> sabia3_temp05 | BN4: {=INDEX('metricas_redações_diplomatas'!$C:$C, MATCH(LARGE('metricas_redações_diplomatas'!L$119:L$157, 2),'metricas_redações_diplomatas'!L:L, 0))} -> phi_3_mini_temp03 | BO4: {=INDEX('metricas_redações_diplomatas'!$C:$C, MATCH(LARGE('metricas_redações_diplomatas'!M$119:M$157, 2),'metricas_redações_diplomatas'!M:M, 0))} -> phi_3_mini_temp03 | BP4: {=INDEX('metricas_redações_diplomatas'!$C:$C, MATCH(LARGE('metricas_redações_diplomatas'!N$119:N$157, 2),'metricas_redações_diplomatas'!N:N, 0))} -> gpt4o_temp03 | BQ4: {=INDEX('metricas_redações_diplomatas'!$C:$C, MATCH(LARGE('metricas_redações_diplomatas'!O$119:O$157, 2),'metricas_redações_diplomatas'!O:O, 0))} -> gpt4o_temp03 | BS4: 2 º Maior | BT4: {=INDEX('metricas_redações_diplomatas'!$C:$C, MATCH(LARGE('metricas_redações_diplomatas'!D$158:D$196, 2),'metricas_redações_diplomatas'!D:D, 0))} -> sabia3_temp07 | BU4: {=INDEX('metricas_redações_diplomatas'!$C:$C, MATCH(LARGE('metricas_redações_diplomatas'!E$158:E$196, 2),'metricas_redações_diplomatas'!E:E, 0))} -> qwen2_72b_temp03 | BV4: {=INDEX('metricas_redações_diplomatas'!$C:$C, MATCH(LARGE('metricas_redações_diplomatas'!F$158:F$196, 2),'metricas_redações_diplomatas'!F:F, 0))} -> sabia3_temp03 | BW4: {=INDEX('metricas_redações_diplomatas'!$C:$C, MATCH(LARGE('metricas_redações_diplomatas'!G$158:G$196, 2),'metricas_redações_diplomatas'!G:G, 0))} -> sabia3_temp05 | BX4: {=INDEX('metricas_redações_diplomatas'!$C:$C, MATCH(LARGE('metricas_redações_diplomatas'!H$158:H$196, 2),'metricas_redações_diplomatas'!H:H, 0))} -> sabia3_temp03 | BY4: {=INDEX('metricas_redações_diplomatas'!$C:$C, MATCH(LARGE('metricas_redações_diplomatas'!I$158:I$196, 2),'metricas_redações_diplomatas'!I:I, 0))} -> llama_405b_temp05 | BZ4: {=INDEX('metricas_redações_diplomatas'!$C:$C, MATCH(LARGE('metricas_redações_diplomatas'!J$158:J$196, 2),'metricas_redações_diplomatas'!J:J, 0))} -> gemma_9b_temp05 | CA4: {=INDEX('metricas_redações_diplomatas'!$C:$C, MATCH(LARGE('metricas_redações_diplomatas'!K$158:K$196, 2),'metricas_redações_diplomatas'!K:K, 0))} -> command_r_plus_08_2024_temp05 | CB4: {=INDEX('metricas_redações_diplomatas'!$C:$C, MATCH(LARGE('metricas_redações_diplomatas'!L$158:L$196, 2),'metricas_redações_diplomatas'!L:L, 0))} -> phi_3_mini_temp03 | CC4: {=INDEX('metricas_redações_diplomatas'!$C:$C, MATCH(LARGE('metricas_redações_diplomatas'!M$158:M$196, 2),'metricas_redações_diplomatas'!M:M, 0))} -> phi_3_mini_temp03 | CD4: {=INDEX('metricas_redações_diplomatas'!$C:$C, MATCH(LARGE('metricas_redações_diplomatas'!N$158:N$196, 2),'metricas_redações_diplomatas'!N:N, 0))} -> gpt4o_temp03 | CE4: {=INDEX('metricas_redações_diplomatas'!$C:$C, MATCH(LARGE('metricas_redações_diplomatas'!O$158:O$196, 2),'metricas_redações_diplomatas'!O:O, 0))} -> gpt4o_temp03 | CG4: 2 º Maior | CH4: {=INDEX('metricas_redações_diplomatas'!$C:$C, MATCH(LARGE('metricas_redações_diplomatas'!D$197:D$235, 2),'metricas_redações_diplomatas'!D:D, 0))} -> command_r_plus_08_2024_temp07 | CI4: {=INDEX('metricas_redações_diplomatas'!$C:$C, MATCH(LARGE('metricas_redações_diplomatas'!E$197:E$235, 2),'metricas_redações_diplomatas'!E:E, 0))} -> llama_405b_temp07 | CJ4: {=INDEX('metricas_redações_diplomatas'!$C:$C, MATCH(LARGE('metricas_redações_diplomatas'!F$197:F$235, 2),'metricas_redações_diplomatas'!F:F, 0))} -> sabia3_temp03 | CK4: {=INDEX('metricas_redações_diplomatas'!$C:$C, MATCH(LARGE('metricas_redações_diplomatas'!G$197:G$235, 2),'metricas_redações_diplomatas'!G:G, 0))} -> gpt4o_temp07 | CL4: {=INDEX('metricas_redações_diplomatas'!$C:$C, MATCH(LARGE('metricas_redações_diplomatas'!H$197:H$235, 2),'metricas_redações_diplomatas'!H:H, 0))} -> sabia3_temp05 | CM4: {=INDEX('metricas_redações_diplomatas'!$C:$C, MATCH(LARGE('metricas_redações_diplomatas'!I$197:I$235, 2),'metricas_redações_diplomatas'!I:I, 0))} -> sabia3_temp07 | CN4: {=INDEX('metricas_redações_diplomatas'!$C:$C, MATCH(LARGE('metricas_redações_diplomatas'!J$197:J$235, 2),'metricas_redações_diplomatas'!J:J, 0))} -> gemma_9b_temp05 | CO4: {=INDEX('metricas_redações_diplomatas'!$C:$C, MATCH(LARGE('metricas_redações_diplomatas'!K$197:K$235, 2),'metricas_redações_diplomatas'!K:K, 0))} -> sabia3_temp07 | CP4: {=INDEX('metricas_redações_diplomatas'!$C:$C, MATCH(LARGE('metricas_redações_diplomatas'!L$197:L$235, 2),'metricas_redações_diplomatas'!L:L, 0))} -> phi_3_mini_temp03 | CQ4: {=INDEX('metricas_redações_diplomatas'!$C:$C, MATCH(LARGE('metricas_redações_diplomatas'!M$197:M$235, 2),'metricas_redações_diplomatas'!M:M, 0))} -> phi_3_mini_temp03 | CR4: {=INDEX('metricas_redações_diplomatas'!$C:$C, MATCH(LARGE('metricas_redações_diplomatas'!N$197:N$235, 2),'metricas_redações_diplomatas'!N:N, 0))} -> gpt4o_temp03 | CS4: {=INDEX('metricas_redações_diplomatas'!$C:$C, MATCH(LARGE('metricas_redações_diplomatas'!O$197:O$235, 2),'metricas_redações_diplomatas'!O:O, 0))} -> gpt4o_temp03
A5: 3 º Maior | B5: {=INDEX('metricas_redações_diplomatas'!$C:$C, MATCH(LARGE('metricas_redações_diplomatas'!D:D, 3),'metricas_redações_diplomatas'!D:D, 0))} -> sabia3_temp05 | C5: {=INDEX('metricas_redações_diplomatas'!$C:$C, MATCH(LARGE('metricas_redações_diplomatas'!E:E, 3),'metricas_redações_diplomatas'!E:E, 0))} -> sabia3_temp03 | D5: {=INDEX('metricas_redações_diplomatas'!$C:$C, MATCH(LARGE('metricas_redações_diplomatas'!F:F, 3),'metricas_redações_diplomatas'!F:F, 0))} -> sabia3_temp05 | E5: {=INDEX('metricas_redações_diplomatas'!$C:$C, MATCH(LARGE('metricas_redações_diplomatas'!G:G, 3),'metricas_redações_diplomatas'!G:G, 0))} -> gemma_9b_temp05 | F5: {=INDEX('metricas_redações_diplomatas'!$C:$C, MATCH(LARGE('metricas_redações_diplomatas'!H:H, 3),'metricas_redações_diplomatas'!H:H, 0))} -> command_r_plus_08_2024_temp05 | G5: {=INDEX('metricas_redações_diplomatas'!$C:$C, MATCH(LARGE('metricas_redações_diplomatas'!I:I, 3),'metricas_redações_diplomatas'!I:I, 0))} -> gpt4o_temp03 | H5: {=INDEX('metricas_redações_diplomatas'!$C:$C, MATCH(LARGE('metricas_redações_diplomatas'!J:J, 3),'metricas_redações_diplomatas'!J:J, 0))} -> gemma_9b_temp07 | I5: {=INDEX('metricas_redações_diplomatas'!$C:$C, MATCH(LARGE('metricas_redações_diplomatas'!K:K, 3),'metricas_redações_diplomatas'!K:K, 0))} -> command_r_plus_08_2024_temp05 | J5: {=INDEX('metricas_redações_diplomatas'!$C:$C, MATCH(LARGE('metricas_redações_diplomatas'!L:L, 3),'metricas_redações_diplomatas'!L:L, 0))} -> phi_3_mini_temp07 | K5: {=INDEX('metricas_redações_diplomatas'!$C:$C, MATCH(LARGE('metricas_redações_diplomatas'!M:M, 3),'metricas_redações_diplomatas'!M:M, 0))} -> phi_3_mini_temp07 | L5: {=INDEX('metricas_redações_diplomatas'!$C:$C, MATCH(LARGE('metricas_redações_diplomatas'!N:N, 3),'metricas_redações_diplomatas'!N:N, 0))} -> gpt4o_temp03 | M5: {=INDEX('metricas_redações_diplomatas'!$C:$C, MATCH(LARGE('metricas_redações_diplomatas'!O:O, 3),'metricas_redações_diplomatas'!O:O, 0))} -> gpt4o_temp03 | O5: 3 º Maior | P5: {=INDEX('metricas_redações_diplomatas'!$C:$C, MATCH(LARGE('metricas_redações_diplomatas'!D2:D40, 3),'metricas_redações_diplomatas'!D:D, 0))} -> gpt4o_temp07 | Q5: {=INDEX('metricas_redações_diplomatas'!$C:$C, MATCH(LARGE('metricas_redações_diplomatas'!E2:E40, 3),'metricas_redações_diplomatas'!E:E, 0))} -> gemma_9b_temp07 | R5: {=INDEX('metricas_redações_diplomatas'!$C:$C, MATCH(LARGE('metricas_redações_diplomatas'!F2:F40, 3),'metricas_redações_diplomatas'!F:F, 0))} -> gpt4o_temp05 | S5: {=INDEX('metricas_redações_diplomatas'!$C:$C, MATCH(LARGE('metricas_redações_diplomatas'!G2:G40, 3),'metricas_redações_diplomatas'!G:G, 0))} -> gemma_9b_temp07 | T5: {=INDEX('metricas_redações_diplomatas'!$C:$C, MATCH(LARGE('metricas_redações_diplomatas'!H2:H40, 3),'metricas_redações_diplomatas'!H:H, 0))} -> gpt4o_temp05 | U5: {=INDEX('metricas_redações_diplomatas'!$C:$C, MATCH(LARGE('metricas_redações_diplomatas'!I2:I40, 3),'metricas_redações_diplomatas'!I:I, 0))} -> gpt4o_temp07 | V5: {=INDEX('metricas_redações_diplomatas'!$C:$C, MATCH(LARGE('metricas_redações_diplomatas'!J2:J40, 3),'metricas_redações_diplomatas'!J:J, 0))} -> command_r_plus_08_2024_temp05 | W5: {=INDEX('metricas_redações_diplomatas'!$C:$C, MATCH(LARGE('metricas_redações_diplomatas'!K2:K40, 3),'metricas_redações_diplomatas'!K:K, 0))} -> command_r_plus_08_2024_temp03 | X5: {=INDEX('metricas_redações_diplomatas'!$C:$C, MATCH(LARGE('metricas_redações_diplomatas'!L2:L40, 3),'metricas_redações_diplomatas'!L:L, 0))} -> phi_3_mini_temp03 | Y5: {=INDEX('metricas_redações_diplomatas'!$C:$C, MATCH(LARGE('metricas_redações_diplomatas'!M2:M40, 3),'metricas_redações_diplomatas'!M:M, 0))} -> phi_3_mini_temp03 | Z5: {=INDEX('metricas_redações_diplomatas'!$C:$C, MATCH(LARGE('metricas_redações_diplomatas'!N2:N40, 3),'metricas_redações_diplomatas'!N:N, 0))} -> gpt4o_temp03 | AA5: {=INDEX('metricas_redações_diplomatas'!$C:$C, MATCH(LARGE('metricas_redações_diplomatas'!O2:O40, 3),'metricas_redações_diplomatas'!O:O, 0))} -> qwen2_7b_temp03 | AC5: 3 º Maior | AD5: {=INDEX('metricas_redações_diplomatas'!$C:$C, MATCH(LARGE('metricas_redações_diplomatas'!D$41:D$79, 3),'metricas_redações_diplomatas'!D:D, 0))} -> command_r_plus_08_2024_temp05 | AE5: {=INDEX('metricas_redações_diplomatas'!$C:$C, MATCH(LARGE('metricas_redações_diplomatas'!E$41:E$79, 3),'metricas_redações_diplomatas'!E:E, 0))} -> mixtral_8x22b_temp07 | AF5: {=INDEX('metricas_redações_diplomatas'!$C:$C, MATCH(LARGE('metricas_redações_diplomatas'!F$41:F$79, 3),'metricas_redações_diplomatas'!F:F, 0))} -> sabia3_temp07 | AG5: {=INDEX('metricas_redações_diplomatas'!$C:$C, MATCH(LARGE('metricas_redações_diplomatas'!G$41:G$79, 3),'metricas_redações_diplomatas'!G:G, 0))} -> sabia3_temp07 | AH5: {=INDEX('metricas_redações_diplomatas'!$C:$C, MATCH(LARGE('metricas_redações_diplomatas'!H$41:H$79, 3),'metricas_redações_diplomatas'!H:H, 0))} -> gpt4o_temp05 | AI5: {=INDEX('metricas_redações_diplomatas'!$C:$C, MATCH(LARGE('metricas_redações_diplomatas'!I$41:I$79, 3),'metricas_redações_diplomatas'!I:I, 0))} -> sabia3_temp07 | AJ5: {=INDEX('metricas_redações_diplomatas'!$C:$C, MATCH(LARGE('metricas_redações_diplomatas'!J$41:J$79, 3),'metricas_redações_diplomatas'!J:J, 0))} -> gemma_9b_temp05 | AK5: {=INDEX('metricas_redações_diplomatas'!$C:$C, MATCH(LARGE('metricas_redações_diplomatas'!K$41:K$79, 3),'metricas_redações_diplomatas'!K:K, 0))} -> sabia3_temp07 | AL5: {=INDEX('metricas_redações_diplomatas'!$C:$C, MATCH(LARGE('metricas_redações_diplomatas'!L$41:L$79, 3),'metricas_redações_diplomatas'!L:L, 0))} -> phi_3_mini_temp03 | AM5: {=INDEX('metricas_redações_diplomatas'!$C:$C, MATCH(LARGE('metricas_redações_diplomatas'!M$41:M$79, 3),'metricas_redações_diplomatas'!M:M, 0))} -> phi_3_mini_temp07 | AN5: {=INDEX('metricas_redações_diplomatas'!$C:$C, MATCH(LARGE('metricas_redações_diplomatas'!N$41:N$79, 3),'metricas_redações_diplomatas'!N:N, 0))} -> gpt4o_temp03 | AO5: {=INDEX('metricas_redações_diplomatas'!$C:$C, MATCH(LARGE('metricas_redações_diplomatas'!O$41:O$79, 3),'metricas_redações_diplomatas'!O:O, 0))} -> qwen2_7b_temp03 | AQ5: 3 º Maior | AR5: {=INDEX('metricas_redações_diplomatas'!$C:$C, MATCH(LARGE('metricas_redações_diplomatas'!D$80:D$118, 3),'metricas_redações_diplomatas'!D:D, 0))} -> sabia3_temp05 | AS5: {=INDEX('metricas_redações_diplomatas'!$C:$C, MATCH(LARGE('metricas_redações_diplomatas'!E$80:E$118, 3),'metricas_redações_diplomatas'!E:E, 0))} -> sabia3_temp03 | AT5: {=INDEX('metricas_redações_diplomatas'!$C:$C, MATCH(LARGE('metricas_redações_diplomatas'!F$80:F$118, 3),'metricas_redações_diplomatas'!F:F, 0))} -> sabia3_temp05 | AU5: {=INDEX('metricas_redações_diplomatas'!$C:$C, MATCH(LARGE('metricas_redações_diplomatas'!G$80:G$118, 3),'metricas_redações_diplomatas'!G:G, 0))} -> gemma_9b_temp05 | AV5: {=INDEX('metricas_redações_diplomatas'!$C:$C, MATCH(LARGE('metricas_redações_diplomatas'!H$80:H$118, 3),'metricas_redações_diplomatas'!H:H, 0))} -> gpt4o_temp05 | AW5: {=INDEX('metricas_redações_diplomatas'!$C:$C, MATCH(LARGE('metricas_redações_diplomatas'!I$80:I$118, 3),'metricas_redações_diplomatas'!I:I, 0))} -> sabia3_temp07 | AX5: {=INDEX('metricas_redações_diplomatas'!$C:$C, MATCH(LARGE('metricas_redações_diplomatas'!J$80:J$118, 3),'metricas_redações_diplomatas'!J:J, 0))} -> gemma_9b_temp07 | AY5: {=INDEX('metricas_redações_diplomatas'!$C:$C, MATCH(LARGE('metricas_redações_diplomatas'!K$80:K$118, 3),'metricas_redações_diplomatas'!K:K, 0))} -> gpt4o_temp05 | AZ5: {=INDEX('metricas_redações_diplomatas'!$C:$C, MATCH(LARGE('metricas_redações_diplomatas'!L$80:L$118, 3),'metricas_redações_diplomatas'!L:L, 0))} -> phi_3_mini_temp03 | BA5: {=INDEX('metricas_redações_diplomatas'!$C:$C, MATCH(LARGE('metricas_redações_diplomatas'!M$80:M$118, 3),'metricas_redações_diplomatas'!M:M, 0))} -> phi_3_mini_temp03 | BB5: {=INDEX('metricas_redações_diplomatas'!$C:$C, MATCH(LARGE('metricas_redações_diplomatas'!N$80:N$118, 3),'metricas_redações_diplomatas'!N:N, 0))} -> gpt4o_temp03 | BC5: {=INDEX('metricas_redações_diplomatas'!$C:$C, MATCH(LARGE('metricas_redações_diplomatas'!O$80:O$118, 3),'metricas_redações_diplomatas'!O:O, 0))} -> gpt4o_temp03 | BE5: 3 º Maior | BF5: {=INDEX('metricas_redações_diplomatas'!$C:$C, MATCH(LARGE('metricas_redações_diplomatas'!D$119:D$157, 3),'metricas_redações_diplomatas'!D:D, 0))} -> llama_405b_temp03 | BG5: {=INDEX('metricas_redações_diplomatas'!$C:$C, MATCH(LARGE('metricas_redações_diplomatas'!E$119:E$157, 3),'metricas_redações_diplomatas'!E:E, 0))} -> mixtral_8x22b_temp05 | BH5: {=INDEX('metricas_redações_diplomatas'!$C:$C, MATCH(LARGE('metricas_redações_diplomatas'!F$119:F$157, 3),'metricas_redações_diplomatas'!F:F, 0))} -> sabia3_temp05 | BI5: {=INDEX('metricas_redações_diplomatas'!$C:$C, MATCH(LARGE('metricas_redações_diplomatas'!G$119:G$157, 3),'metricas_redações_diplomatas'!G:G, 0))} -> mixtral_8x22b_temp05 | BJ5: {=INDEX('metricas_redações_diplomatas'!$C:$C, MATCH(LARGE('metricas_redações_diplomatas'!H$119:H$157, 3),'metricas_redações_diplomatas'!H:H, 0))} -> sabia3_temp05 | BK5: {=INDEX('metricas_redações_diplomatas'!$C:$C, MATCH(LARGE('metricas_redações_diplomatas'!I$119:I$157, 3),'metricas_redações_diplomatas'!I:I, 0))} -> gpt4o_temp03 | BL5: {=INDEX('metricas_redações_diplomatas'!$C:$C, MATCH(LARGE('metricas_redações_diplomatas'!J$119:J$157, 3),'metricas_redações_diplomatas'!J:J, 0))} -> gemma_9b_temp03 | BM5: {=INDEX('metricas_redações_diplomatas'!$C:$C, MATCH(LARGE('metricas_redações_diplomatas'!K$119:K$157, 3),'metricas_redações_diplomatas'!K:K, 0))} -> gemma_9b_temp07 | BN5: {=INDEX('metricas_redações_diplomatas'!$C:$C, MATCH(LARGE('metricas_redações_diplomatas'!L$119:L$157, 3),'metricas_redações_diplomatas'!L:L, 0))} -> phi_3_mini_temp03 | BO5: {=INDEX('metricas_redações_diplomatas'!$C:$C, MATCH(LARGE('metricas_redações_diplomatas'!M$119:M$157, 3),'metricas_redações_diplomatas'!M:M, 0))} -> phi_3_mini_temp03 | BP5: {=INDEX('metricas_redações_diplomatas'!$C:$C, MATCH(LARGE('metricas_redações_diplomatas'!N$119:N$157, 3),'metricas_redações_diplomatas'!N:N, 0))} -> gpt4o_temp03 | BQ5: {=INDEX('metricas_redações_diplomatas'!$C:$C, MATCH(LARGE('metricas_redações_diplomatas'!O$119:O$157, 3),'metricas_redações_diplomatas'!O:O, 0))} -> gpt4o_temp03 | BS5: 3 º Maior | BT5: {=INDEX('metricas_redações_diplomatas'!$C:$C, MATCH(LARGE('metricas_redações_diplomatas'!D$158:D$196, 3),'metricas_redações_diplomatas'!D:D, 0))} -> llama_405b_temp07 | BU5: {=INDEX('metricas_redações_diplomatas'!$C:$C, MATCH(LARGE('metricas_redações_diplomatas'!E$158:E$196, 3),'metricas_redações_diplomatas'!E:E, 0))} -> llama_405b_temp05 | BV5: {=INDEX('metricas_redações_diplomatas'!$C:$C, MATCH(LARGE('metricas_redações_diplomatas'!F$158:F$196, 3),'metricas_redações_diplomatas'!F:F, 0))} -> sabia3_temp07 | BW5: {=INDEX('metricas_redações_diplomatas'!$C:$C, MATCH(LARGE('metricas_redações_diplomatas'!G$158:G$196, 3),'metricas_redações_diplomatas'!G:G, 0))} -> mixtral_8x22b_temp03 | BX5: {=INDEX('metricas_redações_diplomatas'!$C:$C, MATCH(LARGE('metricas_redações_diplomatas'!H$158:H$196, 3),'metricas_redações_diplomatas'!H:H, 0))} -> gemma_9b_temp05 | BY5: {=INDEX('metricas_redações_diplomatas'!$C:$C, MATCH(LARGE('metricas_redações_diplomatas'!I$158:I$196, 3),'metricas_redações_diplomatas'!I:I, 0))} -> sabia3_temp03 | BZ5: {=INDEX('metricas_redações_diplomatas'!$C:$C, MATCH(LARGE('metricas_redações_diplomatas'!J$158:J$196, 3),'metricas_redações_diplomatas'!J:J, 0))} -> gemma_9b_temp03 | CA5: {=INDEX('metricas_redações_diplomatas'!$C:$C, MATCH(LARGE('metricas_redações_diplomatas'!K$158:K$196, 3),'metricas_redações_diplomatas'!K:K, 0))} -> mixtral_8x22b_temp03 | CB5: {=INDEX('metricas_redações_diplomatas'!$C:$C, MATCH(LARGE('metricas_redações_diplomatas'!L$158:L$196, 3),'metricas_redações_diplomatas'!L:L, 0))} -> phi_3_mini_temp03 | CC5: {=INDEX('metricas_redações_diplomatas'!$C:$C, MATCH(LARGE('metricas_redações_diplomatas'!M$158:M$196, 3),'metricas_redações_diplomatas'!M:M, 0))} -> phi_3_mini_temp03 | CD5: {=INDEX('metricas_redações_diplomatas'!$C:$C, MATCH(LARGE('metricas_redações_diplomatas'!N$158:N$196, 3),'metricas_redações_diplomatas'!N:N, 0))} -> gpt4o_temp03 | CE5: {=INDEX('metricas_redações_diplomatas'!$C:$C, MATCH(LARGE('metricas_redações_diplomatas'!O$158:O$196, 3),'metricas_redações_diplomatas'!O:O, 0))} -> gpt4o_temp03 | CG5: 3 º Maior | CH5: {=INDEX('metricas_redações_diplomatas'!$C:$C, MATCH(LARGE('metricas_redações_diplomatas'!D$197:D$235, 3),'metricas_redações_diplomatas'!D:D, 0))} -> gemma_27b_temp03 | CI5: {=INDEX('metricas_redações_diplomatas'!$C:$C, MATCH(LARGE('metricas_redações_diplomatas'!E$197:E$235, 3),'metricas_redações_diplomatas'!E:E, 0))} -> mixtral_8x22b_temp03 | CJ5: {=INDEX('metricas_redações_diplomatas'!$C:$C, MATCH(LARGE('metricas_redações_diplomatas'!F$197:F$235, 3),'metricas_redações_diplomatas'!F:F, 0))} -> sabia3_temp05 | CK5: {=INDEX('metricas_redações_diplomatas'!$C:$C, MATCH(LARGE('metricas_redações_diplomatas'!G$197:G$235, 3),'metricas_redações_diplomatas'!G:G, 0))} -> sabia3_temp05 | CL5: {=INDEX('metricas_redações_diplomatas'!$C:$C, MATCH(LARGE('metricas_redações_diplomatas'!H$197:H$235, 3),'metricas_redações_diplomatas'!H:H, 0))} -> command_r_plus_08_2024_temp05 | CM5: {=INDEX('metricas_redações_diplomatas'!$C:$C, MATCH(LARGE('metricas_redações_diplomatas'!I$197:I$235, 3),'metricas_redações_diplomatas'!I:I, 0))} -> gpt4o_temp03 | CN5: {=INDEX('metricas_redações_diplomatas'!$C:$C, MATCH(LARGE('metricas_redações_diplomatas'!J$197:J$235, 3),'metricas_redações_diplomatas'!J:J, 0))} -> llama_405b_temp07 | CO5: {=INDEX('metricas_redações_diplomatas'!$C:$C, MATCH(LARGE('metricas_redações_diplomatas'!K$197:K$235, 3),'metricas_redações_diplomatas'!K:K, 0))} -> command_r_plus_08_2024_temp05 | CP5: {=INDEX('metricas_redações_diplomatas'!$C:$C, MATCH(LARGE('metricas_redações_diplomatas'!L$197:L$235, 3),'metricas_redações_diplomatas'!L:L, 0))} -> phi_3_mini_temp03 | CQ5: {=INDEX('metricas_redações_diplomatas'!$C:$C, MATCH(LARGE('metricas_redações_diplomatas'!M$197:M$235, 3),'metricas_redações_diplomatas'!M:M, 0))} -> phi_3_mini_temp03 | CR5: {=INDEX('metricas_redações_diplomatas'!$C:$C, MATCH(LARGE('metricas_redações_diplomatas'!N$197:N$235, 3),'metricas_redações_diplomatas'!N:N, 0))} -> gpt4o_temp03 | CS5: {=INDEX('metricas_redações_diplomatas'!$C:$C, MATCH(LARGE('metricas_redações_diplomatas'!O$197:O$235, 3),'metricas_redações_diplomatas'!O:O, 0))} -> gpt4o_temp03
B7: BLEU_score | C7: BERTScore_Precision | D7: BERTScore_Recall | E7: BERTScore_F1 | F7: rouge1 | G7: rouge2 | H7: rougeL | I7: rougeLsum | J7: CTC_groundness | K7: CTC_groundness_ref | L7: CTC_factual | M7: CTC_factual_ref | P7: BLEU_score | Q7: BERTScore_Precision | R7: BERTScore_Recall | S7: BERTScore_F1 | T7: rouge1 | U7: rouge2 | V7: rougeL | W7: rougeLsum | X7: CTC_groundness | Y7: CTC_groundness_ref | Z7: CTC_factual | AA7: CTC_factual_ref | AD7: BLEU_score | AE7: BERTScore_Precision | AF7: BERTScore_Recall | AG7: BERTScore_F1 | AH7: rouge1 | AI7: rouge2 | AJ7: rougeL | AK7: rougeLsum | AL7: CTC_groundness | AM7: CTC_groundness_ref | AN7: CTC_factual | AO7: CTC_factual_ref | AR7: BLEU_score | AS7: BERTScore_Precision | AT7: BERTScore_Recall | AU7: BERTScore_F1 | AV7: rouge1 | AW7: rouge2 | AX7: rougeL | AY7: rougeLsum | AZ7: CTC_groundness | BA7: CTC_groundness_ref | BB7: CTC_factual | BC7: CTC_factual_ref | BF7: BLEU_score | BG7: BERTScore_Precision | BH7: BERTScore_Recall | BI7: BERTScore_F1 | BJ7: rouge1 | BK7: rouge2 | BL7: rougeL | BM7: rougeLsum | BN7: CTC_groundness | BO7: CTC_groundness_ref | BP7: CTC_factual | BQ7: CTC_factual_ref | BT7: BLEU_score | BU7: BERTScore_Precision | BV7: BERTScore_Recall | BW7: BERTScore_F1 | BX7: rouge1 | BY7: rouge2 | BZ7: rougeL | CA7: rougeLsum | CB7: CTC_groundness | CC7: CTC_groundness_ref | CD7: CTC_factual | CE7: CTC_factual_ref | CH7: BLEU_score | CI7: BERTScore_Precision | CJ7: BERTScore_Recall | CK7: BERTScore_F1 | CL7: rouge1 | CM7: rouge2 | CN7: rougeL | CO7: rougeLsum | CP7: CTC_groundness | CQ7: CTC_groundness_ref | CR7: CTC_factual | CS7: CTC_factual_ref
A8: 1 º Maior | B8: =LARGE('metricas_redações_diplomatas'!$D$2:$D$235, 1) -> 0.10349588 | C8: =LARGE('metricas_redações_diplomatas'!$E$2:$E$235, 1) -> 0.77178907 | D8: =LARGE('metricas_redações_diplomatas'!$F$2:$F$235, 1) -> 0.75676674 | E8: =LARGE('metricas_redações_diplomatas'!$G$2:$G$235, 1) -> 0.76102054 | F8: =LARGE('metricas_redações_diplomatas'!$H$2:$H$235, 1) -> 0.54924515 | G8: =LARGE('metricas_redações_diplomatas'!$I$2:$I$235, 1) -> 0.19207317 | H8: =LARGE('metricas_redações_diplomatas'!$J$2:$J$235, 1) -> 0.21813224 | I8: =LARGE('metricas_redações_diplomatas'!$K$2:$K$235, 1) -> 0.30074174 | J8: =LARGE('metricas_redações_diplomatas'!$L$2:$L$235, 1) -> 0.82713348 | K8: =LARGE('metricas_redações_diplomatas'!$M$2:$M$235, 1) -> 1 | L8: =LARGE('metricas_redações_diplomatas'!$N$2:$N$235, 1) -> 0.99999994 | M8: =LARGE('metricas_redações_diplomatas'!$O$2:$O$235, 1) -> 1 | O8: 1 º Maior | P8: =LARGE('metricas_redações_diplomatas'!D2:D40, 1) -> 0.094385792 | Q8: =LARGE('metricas_redações_diplomatas'!E2:E40, 1) -> 0.76395571 | R8: =LARGE('metricas_redações_diplomatas'!F2:F40, 1) -> 0.75255024 | S8: =LARGE('metricas_redações_diplomatas'!G2:G40, 1) -> 0.75498939 | T8: =LARGE('metricas_redações_diplomatas'!H2:H40, 1) -> 0.53100597 | U8: =LARGE('metricas_redações_diplomatas'!I2:I40, 1) -> 0.17841301 | V8: =LARGE('metricas_redações_diplomatas'!J2:J40, 1) -> 0.20470439 | W8: =LARGE('metricas_redações_diplomatas'!K2:K40, 1) -> 0.29230769 | ... AA8: =LARGE('metricas_redações_diplomatas'!O2:O40, 1) -> 1 | AC8: 1 º Maior | AD8: =LARGE('metricas_redações_diplomatas'!D$41:D$79, 1) -> 0.062668015 | AE8: =LARGE('metricas_redações_diplomatas'!E$41:E$79, 1) -> 0.74438447 | AF8: =LARGE('metricas_redações_diplomatas'!F$41:F$79, 1) -> 0.72229081 | AG8: =LARGE('metricas_redações_diplomatas'!G$41:G$79, 1) -> 0.73267245 | AH8: =LARGE('metricas_redações_diplomatas'!H$41:H$79, 1) -> 0.48518519 | AI8: =LARGE('metricas_redações_diplomatas'!I$41:I$79, 1) -> 0.14444444 | AJ8: =LARGE('metricas_redações_diplomatas'!J$41:J$79, 1) -> 0.20066445 | AK8: =LARGE('metricas_redações_diplomatas'!K$41:K$79, 1) -> 0.27760642 | ... AO8: =LARGE('metricas_redações_diplomatas'!O$41:O$79, 1) -> 0.64298242 | AQ8: 1 º Maior | AR8: =LARGE('metricas_redações_diplomatas'!D$80:D$118, 1) -> 0.10349588 | AS8: =LARGE('metricas_redações_diplomatas'!E$80:E$118, 1) -> 0.77178907 | AT8: =LARGE('metricas_redações_diplomatas'!F$80:F$118, 1) -> 0.75676674 | AU8: =LARGE('metricas_redações_diplomatas'!G$80:G$118, 1) -> 0.76102054 | AV8: =LARGE('metricas_redações_diplomatas'!H$80:H$118, 1) -> 0.52873563 | AW8: =LARGE('metricas_redações_diplomatas'!I$80:I$118, 1) -> 0.16683938 | AX8: =LARGE('metricas_redações_diplomatas'!J$80:J$118, 1) -> 0.21813224 | AY8: =LARGE('metricas_redações_diplomatas'!K$80:K$118, 1) -> 0.29374202 | ... BC8: =LARGE('metricas_redações_diplomatas'!O$80:O$118, 1) -> 0.99999994 | BE8: 1 º Maior | BF8: =LARGE('metricas_redações_diplomatas'!D$119:D$157, 1) -> 0.066201334 | BG8: =LARGE('metricas_redações_diplomatas'!E$119:E$157, 1) -> 0.75125545 | BH8: =LARGE('metricas_redações_diplomatas'!F$119:F$157, 1) -> 0.73979896 | BI8: =LARGE('metricas_redações_diplomatas'!G$119:G$157, 1) -> 0.74006373 | BJ8: =LARGE('metricas_redações_diplomatas'!H$119:H$157, 1) -> 0.48 | BK8: =LARGE('metricas_redações_diplomatas'!I$119:I$157, 1) -> 0.12903226 | BL8: =LARGE('metricas_redações_diplomatas'!J$119:J$157, 1) -> 0.21158301 | BM8: =LARGE('metricas_redações_diplomatas'!K$119:K$157, 1) -> 0.27931489 | ... BQ8: =LARGE('metricas_redações_diplomatas'!O$119:O$157, 1) -> 0.99999994 | BS8: 1 º Maior | BT8: =LARGE('metricas_redações_diplomatas'!D$158:D$196, 1) -> 0.084396355 | BU8: =LARGE('metricas_redações_diplomatas'!E$158:E$196, 1) -> 0.75277066 | BV8: =LARGE('metricas_redações_diplomatas'!F$158:F$196, 1) -> 0.74221224 | BW8: =LARGE('metricas_redações_diplomatas'!G$158:G$196, 1) -> 0.74411309 | BX8: =LARGE('metricas_redações_diplomatas'!H$158:H$196, 1) -> 0.51687006 | BY8: =LARGE('metricas_redações_diplomatas'!I$158:I$196, 1) -> 0.15384615 | BZ8: =LARGE('metricas_redações_diplomatas'!J$158:J$196, 1) -> 0.20408163 | CA8: =LARGE('metricas_redações_diplomatas'!K$158:K$196, 1) -> 0.28770302 | ... CE8: =LARGE('metricas_redações_diplomatas'!O$158:O$196, 1) -> 0.99999994 | CG8: 1 º Maior | CH8: =LARGE('metricas_redações_diplomatas'!D$197:D$235, 1) -> 0.089688963 | CI8: =LARGE('metricas_redações_diplomatas'!E$197:E$235, 1) -> 0.75698513 | CJ8: =LARGE('metricas_redações_diplomatas'!F$197:F$235, 1) -> 0.73581374 | CK8: =LARGE('metricas_redações_diplomatas'!G$197:G$235, 1) -> 0.74615884 | CL8: =LARGE('metricas_redações_diplomatas'!H$197:H$235, 1) -> 0.54924515 | CM8: =LARGE('metricas_redações_diplomatas'!I$197:I$235, 1) -> 0.19207317 | CN8: =LARGE('metricas_redações_diplomatas'!J$197:J$235, 1) -> 0.21356421 | CO8: =LARGE('metricas_redações_diplomatas'!K$197:K$235, 1) -> 0.30074174 | ... CS8: =LARGE('metricas_redações_diplomatas'!O$197:O$235, 1) -> 0.99999994
A9: 2 º Maior | B9: =LARGE('metricas_redações_diplomatas'!$D$2:$D$235, 2) -> 0.10199457 | C9: =LARGE('metricas_redações_diplomatas'!$E$2:$E$235, 2) -> 0.76611412 | D9: =LARGE('metricas_redações_diplomatas'!$F$2:$F$235, 2) -> 0.75322127 | E9: =LARGE('metricas_redações_diplomatas'!$G$2:$G$235, 2) -> 0.75855279 | F9: =LARGE('metricas_redações_diplomatas'!$H$2:$H$235, 2) -> 0.5465587 | G9: =LARGE('metricas_redações_diplomatas'!$I$2:$I$235, 2) -> 0.18718503 | H9: =LARGE('metricas_redações_diplomatas'!$J$2:$J$235, 2) -> 0.21632653 | I9: =LARGE('metricas_redações_diplomatas'!$K$2:$K$235, 2) -> 0.30050324 | J9: =LARGE('metricas_redações_diplomatas'!$L$2:$L$235, 2) -> 0.82713348 | K9: =LARGE('metricas_redações_diplomatas'!$M$2:$M$235, 2) -> 0.82713348 | L9: =LARGE('metricas_redações_diplomatas'!$N$2:$N$235, 2) -> 0.99999994 | M9: =LARGE('metricas_redações_diplomatas'!$O$2:$O$235, 2) -> 0.99999994 | O9: 2 º Maior | P9: =LARGE('metricas_redações_diplomatas'!D2:D40, 2) -> 0.090745485 | Q9: =LARGE('metricas_redações_diplomatas'!E2:E40, 2) -> 0.75961924 | R9: =LARGE('metricas_redações_diplomatas'!F2:F40, 2) -> 0.75222206 | S9: =LARGE('metricas_redações_diplomatas'!G2:G40, 2) -> 0.75474882 | T9: =LARGE('metricas_redações_diplomatas'!H2:H40, 2) -> 0.53077302 | U9: =LARGE('metricas_redações_diplomatas'!I2:I40, 2) -> 0.17314314 | V9: =LARGE('metricas_redações_diplomatas'!J2:J40, 2) -> 0.20382166 | W9: =LARGE('metricas_redações_diplomatas'!K2:K40, 2) -> 0.28479559 | ... AA9: =LARGE('metricas_redações_diplomatas'!O2:O40, 2) -> 0.84644145 | AC9: 2 º Maior | AD9: =LARGE('metricas_redações_diplomatas'!D$41:D$79, 2) -> 0.062074551 | AE9: =LARGE('metricas_redações_diplomatas'!E$41:E$79, 2) -> 0.74335688 | AF9: =LARGE('metricas_redações_diplomatas'!F$41:F$79, 2) -> 0.72056663 | AG9: =LARGE('metricas_redações_diplomatas'!G$41:G$79, 2) -> 0.7287575 | AH9: =LARGE('metricas_redações_diplomatas'!H$41:H$79, 2) -> 0.48032291 | AI9: =LARGE('metricas_redações_diplomatas'!I$41:I$79, 2) -> 0.14112903 | AJ9: =LARGE('metricas_redações_diplomatas'!J$41:J$79, 2) -> 0.19847328 | AK9: =LARGE('metricas_redações_diplomatas'!K$41:K$79, 2) -> 0.27578079 | ... AO9: =LARGE('metricas_redações_diplomatas'!O$41:O$79, 2) -> 0.64298242 | AQ9: 2 º Maior | AR9: =LARGE('metricas_redações_diplomatas'!D$80:D$118, 2) -> 0.10199457 | AS9: =LARGE('metricas_redações_diplomatas'!E$80:E$118, 2) -> 0.76611412 | AT9: =LARGE('metricas_redações_diplomatas'!F$80:F$118, 2) -> 0.75322127 | AU9: =LARGE('metricas_redações_diplomatas'!G$80:G$118, 2) -> 0.75855279 | AV9: =LARGE('metricas_redações_diplomatas'!H$80:H$118, 2) -> 0.52067797 | AW9: =LARGE('metricas_redações_diplomatas'!I$80:I$118, 2) -> 0.16602317 | AX9: =LARGE('metricas_redações_diplomatas'!J$80:J$118, 2) -> 0.21632653 | AY9: =LARGE('metricas_redações_diplomatas'!K$80:K$118, 2) -> 0.29045643 | ... BC9: =LARGE('metricas_redações_diplomatas'!O$80:O$118, 2) -> 0.99999994 | BE9: 2 º Maior | BF9: =LARGE('metricas_redações_diplomatas'!D$119:D$157, 2) -> 0.063558538 | BG9: =LARGE('metricas_redações_diplomatas'!E$119:E$157, 2) -> 0.7458691 | BH9: =LARGE('metricas_redações_diplomatas'!F$119:F$157, 2) -> 0.73589826 | BI9: =LARGE('metricas_redações_diplomatas'!G$119:G$157, 2) -> 0.73968077 | BJ9: =LARGE('metricas_redações_diplomatas'!H$119:H$157, 2) -> 0.47391952 | BK9: =LARGE('metricas_redações_diplomatas'!I$119:I$157, 2) -> 0.12440945 | BL9: =LARGE('metricas_redações_diplomatas'!J$119:J$157, 2) -> 0.21013413 | BM9: =LARGE('metricas_redações_diplomatas'!K$119:K$157, 2) -> 0.27480916 | ... BQ9: =LARGE('metricas_redações_diplomatas'!O$119:O$157, 2) -> 0.99999994 | BS9: 2 º Maior | BT9: =LARGE('metricas_redações_diplomatas'!D$158:D$196, 2) -> 0.077083397 | BU9: =LARGE('metricas_redações_diplomatas'!E$158:E$196, 2) -> 0.74917364 | BV9: =LARGE('metricas_redações_diplomatas'!F$158:F$196, 2) -> 0.7413677 | BW9: =LARGE('metricas_redações_diplomatas'!G$158:G$196, 2) -> 0.74398559 | BX9: =LARGE('metricas_redações_diplomatas'!H$158:H$196, 2) -> 0.49959184 | BY9: =LARGE('metricas_redações_diplomatas'!I$158:I$196, 2) -> 0.15220949 | BZ9: =LARGE('metricas_redações_diplomatas'!J$158:J$196, 2) -> 0.20401855 | CA9: =LARGE('metricas_redações_diplomatas'!K$158:K$196, 2) -> 0.28707483 | ... CE9: =LARGE('metricas_redações_diplomatas'!O$158:O$196, 2) -> 0.99999994 | CG9: 2 º Maior | CH9: =LARGE('metricas_redações_diplomatas'!D$197:D$235, 2) -> 0.08251863 | CI9: =LARGE('metricas_redações_diplomatas'!E$197:E$235, 2) -> 0.7561214 | CJ9: =LARGE('metricas_redações_diplomatas'!F$197:F$235, 2) -> 0.7356379 | CK9: =LARGE('metricas_redações_diplomatas'!G$197:G$235, 2) -> 0.74145615 | CL9: =LARGE('metricas_redações_diplomatas'!H$197:H$235, 2) -> 0.5465587 | CM9: =LARGE('metricas_redações_diplomatas'!I$197:I$235, 2) -> 0.18718503 | CN9: =LARGE('metricas_redações_diplomatas'!J$197:J$235, 2) -> 0.21258134 | CO9: =LARGE('metricas_redações_diplomatas'!K$197:K$235, 2) -> 0.30050324 | ... CS9: =LARGE('metricas_redações_diplomatas'!O$197:O$235, 2) -> 0.99999994
A10: 3 º Maior | B10: =LARGE('metricas_redações_diplomatas'!$D$2:$D$235, 3) -> 0.098624197 | C10: =LARGE('metricas_redações_diplomatas'!$E$2:$E$235, 3) -> 0.76532245 | D10: =LARGE('metricas_redações_diplomatas'!$F$2:$F$235, 3) -> 0.75255024 | E10: =LARGE('metricas_redações_diplomatas'!$G$2:$G$235, 3) -> 0.75731093 | F10: =LARGE('metricas_redações_diplomatas'!$H$2:$H$235, 3) -> 0.53752405 | G10: =LARGE('metricas_redações_diplomatas'!$I$2:$I$235, 3) -> 0.17915309 | H10: =LARGE('metricas_redações_diplomatas'!$J$2:$J$235, 3) -> 0.21549296 | I10: =LARGE('metricas_redações_diplomatas'!$K$2:$K$235, 3) -> 0.29762668 | J10: =LARGE('metricas_redações_diplomatas'!$L$2:$L$235, 3) -> 0.82713348 | K10: =LARGE('metricas_redações_diplomatas'!$M$2:$M$235, 3) -> 0.82713348 | L10: =LARGE('metricas_redações_diplomatas'!$N$2:$N$235, 3) -> 0.99999994 | M10: =LARGE('metricas_redações_diplomatas'!$O$2:$O$235, 3) -> 0.99999994 | O10: 3 º Maior | P10: =LARGE('metricas_redações_diplomatas'!D2:D40, 3) -> 0.088738595 | Q10: =LARGE('metricas_redações_diplomatas'!E2:E40, 3) -> 0.75837189 | R10: =LARGE('metricas_redações_diplomatas'!F2:F40, 3) -> 0.75218433 | S10: =LARGE('metricas_redações_diplomatas'!G2:G40, 3) -> 0.75411224 | T10: =LARGE('metricas_redações_diplomatas'!H2:H40, 3) -> 0.53071253 | U10: =LARGE('metricas_redações_diplomatas'!I2:I40, 3) -> 0.1691954 | V10: =LARGE('metricas_redações_diplomatas'!J2:J40, 3) -> 0.20274914 | W10: =LARGE('metricas_redações_diplomatas'!K2:K40, 3) -> 0.28263473 | ... AA10: =LARGE('metricas_redações_diplomatas'!O2:O40, 3) -> 0.84644145 | AC10: 3 º Maior | AD10: =LARGE('metricas_redações_diplomatas'!D$41:D$79, 3) -> 0.058958918 | AE10: =LARGE('metricas_redações_diplomatas'!E$41:E$79, 3) -> 0.7391147 | AF10: =LARGE('metricas_redações_diplomatas'!F$41:F$79, 3) -> 0.7175054 | AG10: =LARGE('metricas_redações_diplomatas'!G$41:G$79, 3) -> 0.72792739 | AH10: =LARGE('metricas_redações_diplomatas'!H$41:H$79, 3) -> 0.47935549 | AI10: =LARGE('metricas_redações_diplomatas'!I$41:I$79, 3) -> 0.13097577 | AJ10: =LARGE('metricas_redações_diplomatas'!J$41:J$79, 3) -> 0.19723866 | AK10: =LARGE('metricas_redações_diplomatas'!K$41:K$79, 3) -> 0.27468934 | ... AO10: =LARGE('metricas_redações_diplomatas'!O$41:O$79, 3) -> 0.56720084 | AQ10: 3 º Maior | AR10: =LARGE('metricas_redações_diplomatas'!D$80:D$118, 3) -> 0.098624197 | AS10: =LARGE('metricas_redações_diplomatas'!E$80:E$118, 3) -> 0.76532245 | AT10: =LARGE('metricas_redações_diplomatas'!F$80:F$118, 3) -> 0.75251192 | AU10: =LARGE('metricas_redações_diplomatas'!G$80:G$118, 3) -> 0.75731093 | AV10: =LARGE('metricas_redações_diplomatas'!H$80:H$118, 3) -> 0.51552795 | AW10: =LARGE('metricas_redações_diplomatas'!I$80:I$118, 3) -> 0.16429056 | AX10: =LARGE('metricas_redações_diplomatas'!J$80:J$118, 3) -> 0.21549296 | AY10: =LARGE('metricas_redações_diplomatas'!K$80:K$118, 3) -> 0.28881988 | ... BC10: =LARGE('metricas_redações_diplomatas'!O$80:O$118, 3) -> 0.99999994 | BE10: 3 º Maior | BF10: =LARGE('metricas_redações_diplomatas'!D$119:D$157, 3) -> 0.061873512 | BG10: =LARGE('metricas_redações_diplomatas'!E$119:E$157, 3) -> 0.74352896 | BH10: =LARGE('metricas_redações_diplomatas'!F$119:F$157, 3) -> 0.73433006 | BI10: =LARGE('metricas_redações_diplomatas'!G$119:G$157, 3) -> 0.7375747 | BJ10: =LARGE('metricas_redações_diplomatas'!H$119:H$157, 3) -> 0.47328244 | BK10: =LARGE('metricas_redações_diplomatas'!I$119:I$157, 3) -> 0.12215436 | BL10: =LARGE('metricas_redações_diplomatas'!J$119:J$157, 3) -> 0.20371747 | BM10: =LARGE('metricas_redações_diplomatas'!K$119:K$157, 3) -> 0.27335907 | ... BQ10: =LARGE('metricas_redações_diplomatas'!O$119:O$157, 3) -> 0.99999994 | BS10: 3 º Maior | BT10: =LARGE('metricas_redações_diplomatas'!D$158:D$196, 3) -> 0.077011843 | BU10: =LARGE('metricas_redações_diplomatas'!E$158:E$196, 3) -> 0.74689579 | BV10: =LARGE('metricas_redações_diplomatas'!F$158:F$196, 3) -> 0.73706639 | BW10: =LARGE('metricas_redações_diplomatas'!G$158:G$196, 3) -> 0.74328274 | BX10: =LARGE('metricas_redações_diplomatas'!H$158:H$196, 3) -> 0.49459042 | BY10: =LARGE('metricas_redações_diplomatas'!I$158:I$196, 3) -> 0.14881439 | BZ10: =LARGE('metricas_redações_diplomatas'!J$158:J$196, 3) -> 0.20371747 | CA10: =LARGE('metricas_redações_diplomatas'!K$158:K$196, 3) -> 0.28315412 | ... CE10: =LARGE('metricas_redações_diplomatas'!O$158:O$196, 3) -> 0.99999994 | CG10: 3 º Maior | CH10: =LARGE('metricas_redações_diplomatas'!D$197:D$235, 3) -> 0.076993905 | CI10: =LARGE('metricas_redações_diplomatas'!E$197:E$235, 3) -> 0.75368083 | CJ10: =LARGE('metricas_redações_diplomatas'!F$197:F$235, 3) -> 0.73150098 | CK10: =LARGE('metricas_redações_diplomatas'!G$197:G$235, 3) -> 0.74129099 | CL10: =LARGE('metricas_redações_diplomatas'!H$197:H$235, 3) -> 0.53752405 | CM10: =LARGE('metricas_redações_diplomatas'!I$197:I$235, 3) -> 0.17915309 | CN10: =LARGE('metricas_redações_diplomatas'!J$197:J$235, 3) -> 0.2121445 | CO10: =LARGE('metricas_redações_diplomatas'!K$197:K$235, 3) -> 0.29762668 | ... CS10: =LARGE('metricas_redações_diplomatas'!O$197:O$235, 3) -> 0.99999994
B13: BLEU_score | C13: BERTScore_Precision | D13: BERTScore_Recall | E13: BERTScore_F1 | F13: rouge1 | G13: rouge2 | H13: rougeL | I13: rougeLsum | J13: CTC_groundness | K13: CTC_groundness_ref | L13: CTC_factual | M13: CTC_factual_ref | P13: BLEU_score | Q13: BERTScore_Precision | R13: BERTScore_Recall | S13: BERTScore_F1 | T13: rouge1 | U13: rouge2 | V13: rougeL | W13: rougeLsum | X13: CTC_groundness | Y13: CTC_groundness_ref | Z13: CTC_factual | AA13: CTC_factual_ref | AD13: BLEU_score | AE13: BERTScore_Precision | AF13: BERTScore_Recall | AG13: BERTScore_F1 | AH13: rouge1 | AI13: rouge2 | AJ13: rougeL | AK13: rougeLsum | AL13: CTC_groundness | AM13: CTC_groundness_ref | AN13: CTC_factual | AO13: CTC_factual_ref | AR13: BLEU_score | AS13: BERTScore_Precision | AT13: BERTScore_Recall | AU13: BERTScore_F1 | AV13: rouge1 | AW13: rouge2 | AX13: rougeL | AY13: rougeLsum | AZ13: CTC_groundness | BA13: CTC_groundness_ref | BB13: CTC_factual | BC13: CTC_factual_ref | BF13: BLEU_score | BG13: BERTScore_Precision | BH13: BERTScore_Recall | BI13: BERTScore_F1 | BJ13: rouge1 | BK13: rouge2 | BL13: rougeL | BM13: rougeLsum | BN13: CTC_groundness | BO13: CTC_groundness_ref | BP13: CTC_factual | BQ13: CTC_factual_ref | BT13: BLEU_score | BU13: BERTScore_Precision | BV13: BERTScore_Recall | BW13: BERTScore_F1 | BX13: rouge1 | BY13: rouge2 | BZ13: rougeL | CA13: rougeLsum | CB13: CTC_groundness | CC13: CTC_groundness_ref | CD13: CTC_factual | CE13: CTC_factual_ref | CH13: BLEU_score | CI13: BERTScore_Precision | CJ13: BERTScore_Recall | CK13: BERTScore_F1 | CL13: rouge1 | CM13: rouge2 | CN13: rougeL | CO13: rougeLsum | CP13: CTC_groundness | CQ13: CTC_groundness_ref | CR13: CTC_factual | CS13: CTC_factual_ref
A14: Pior | B14: {=INDEX('metricas_redações_diplomatas'!$C:$C, MATCH(SMALL('metricas_redações_diplomatas'!D:D, 1), 'metricas_redações_diplomatas'!D:D, 0))} -> qwen2_7b_temp03 | C14: {=INDEX('metricas_redações_diplomatas'!$C:$C, MATCH(SMALL('metricas_redações_diplomatas'!E:E, 1), 'metricas_redações_diplomatas'!E:E, 0))} -> qwen2_7b_temp03 | D14: {=INDEX('metricas_redações_diplomatas'!$C:$C, MATCH(SMALL('metricas_redações_diplomatas'!F:F, 1), 'metricas_redações_diplomatas'!F:F, 0))} -> qwen2_7b_temp03 | E14: {=INDEX('metricas_redações_diplomatas'!$C:$C, MATCH(SMALL('metricas_redações_diplomatas'!G:G, 1), 'metricas_redações_diplomatas'!G:G, 0))} -> qwen2_7b_temp03 | F14: {=INDEX('metricas_redações_diplomatas'!$C:$C, MATCH(SMALL('metricas_redações_diplomatas'!H:H, 1), 'metricas_redações_diplomatas'!H:H, 0))} -> phi_3.5_vision_temp03 | G14: {=INDEX('metricas_redações_diplomatas'!$C:$C, MATCH(SMALL('metricas_redações_diplomatas'!I:I, 1), 'metricas_redações_diplomatas'!I:I, 0))} -> phi_3_mini_temp03 | H14: {=INDEX('metricas_redações_diplomatas'!$C:$C, MATCH(SMALL('metricas_redações_diplomatas'!J:J, 1), 'metricas_redações_diplomatas'!J:J, 0))} -> phi_3.5_vision_temp03 | I14: {=INDEX('metricas_redações_diplomatas'!$C:$C, MATCH(SMALL('metricas_redações_diplomatas'!K:K, 1), 'metricas_redações_diplomatas'!K:K, 0))} -> qwen2_7b_temp03 | J14: {=INDEX('metricas_redações_diplomatas'!$C:$C, MATCH(SMALL('metricas_redações_diplomatas'!L:L, 1), 'metricas_redações_diplomatas'!L:L, 0))} -> gpt4o_temp03 | K14: {=INDEX('metricas_redações_diplomatas'!$C:$C, MATCH(SMALL('metricas_redações_diplomatas'!M:M, 1), 'metricas_redações_diplomatas'!M:M, 0))} -> gpt4o_temp03 | L14: {=INDEX('metricas_redações_diplomatas'!$C:$C, MATCH(SMALL('metricas_redações_diplomatas'!N:N, 1), 'metricas_redações_diplomatas'!N:N, 0))} -> phi_3_mini_temp03 | M14: {=INDEX('metricas_redações_diplomatas'!$C:$C, MATCH(SMALL('metricas_redações_diplomatas'!O:O, 1), 'metricas_redações_diplomatas'!O:O, 0))} -> llama_405b_temp05 | O14: Pior | P14: {=INDEX('metricas_redações_diplomatas'!$C:$C, MATCH(MIN('metricas_redações_diplomatas'!D2:D40),'metricas_redações_diplomatas'!D:D, 0))} -> phi_3.5_vision_temp03 | Q14: {=INDEX('metricas_redações_diplomatas'!$C:$C, MATCH(MIN('metricas_redações_diplomatas'!E2:E40),'metricas_redações_diplomatas'!E:E, 0))} -> qwen2_7b_temp03 | R14: {=INDEX('metricas_redações_diplomatas'!$C:$C, MATCH(MIN('metricas_redações_diplomatas'!F2:F40),'metricas_redações_diplomatas'!F:F, 0))} -> qwen2_7b_temp03 | S14: {=INDEX('metricas_redações_diplomatas'!$C:$C, MATCH(MIN('metricas_redações_diplomatas'!G2:G40),'metricas_redações_diplomatas'!G:G, 0))} -> qwen2_7b_temp03 | T14: {=INDEX('metricas_redações_diplomatas'!$C:$C, MATCH(MIN('metricas_redações_diplomatas'!H2:H40),'metricas_redações_diplomatas'!H:H, 0))} -> phi_3.5_vision_temp03 | U14: {=INDEX('metricas_redações_diplomatas'!$C:$C, MATCH(MIN('metricas_redações_diplomatas'!I2:I40),'metricas_redações_diplomatas'!I:I, 0))} -> phi_3_mini_temp07 | V14: {=INDEX('metricas_redações_diplomatas'!$C:$C, MATCH(MIN('metricas_redações_diplomatas'!J2:J40),'metricas_redações_diplomatas'!J:J, 0))} -> phi_3.5_vision_temp03 | W14: {=INDEX('metricas_redações_diplomatas'!$C:$C, MATCH(MIN('metricas_redações_diplomatas'!K2:K40),'metricas_redações_diplomatas'!K:K, 0))} -> qwen2_7b_temp03 | X14: {=INDEX('metricas_redações_diplomatas'!$C:$C, MATCH(MIN('metricas_redações_diplomatas'!L2:L40),'metricas_redações_diplomatas'!L:L, 0))} -> gpt4o_temp03 | Y14: {=INDEX('metricas_redações_diplomatas'!$C:$C, MATCH(MIN('metricas_redações_diplomatas'!M2:M40),'metricas_redações_diplomatas'!M:M, 0))} -> gpt4o_temp03 | Z14: {=INDEX('metricas_redações_diplomatas'!$C:$C, MATCH(MIN('metricas_redações_diplomatas'!N2:N40),'metricas_redações_diplomatas'!N:N, 0))} -> phi_3_mini_temp03 | AA14: {=INDEX('metricas_redações_diplomatas'!$C:$C, MATCH(MIN('metricas_redações_diplomatas'!O2:O40),'metricas_redações_diplomatas'!O:O, 0))} -> phi_3_mini_temp03 | AC14: Pior | AD14: {=INDEX('metricas_redações_diplomatas'!$C:$C, MATCH(MIN('metricas_redações_diplomatas'!D41:D79),'metricas_redações_diplomatas'!D:D, 0))} -> qwen2_7b_temp03 | AE14: {=INDEX('metricas_redações_diplomatas'!$C:$C, MATCH(MIN('metricas_redações_diplomatas'!E41:E79),'metricas_redações_diplomatas'!E:E, 0))} -> qwen2_7b_temp03 | AF14: {=INDEX('metricas_redações_diplomatas'!$C:$C, MATCH(MIN('metricas_redações_diplomatas'!F41:F79),'metricas_redações_diplomatas'!F:F, 0))} -> qwen2_7b_temp03 | AG14: {=INDEX('metricas_redações_diplomatas'!$C:$C, MATCH(MIN('metricas_redações_diplomatas'!G41:G79),'metricas_redações_diplomatas'!G:G, 0))} -> qwen2_7b_temp03 | AH14: {=INDEX('metricas_redações_diplomatas'!$C:$C, MATCH(MIN('metricas_redações_diplomatas'!H41:H79),'metricas_redações_diplomatas'!H:H, 0))} -> phi_3.5_vision_temp03 | AI14: {=INDEX('metricas_redações_diplomatas'!$C:$C, MATCH(MIN('metricas_redações_diplomatas'!I41:I79),'metricas_redações_diplomatas'!I:I, 0))} -> phi_3_mini_temp03 | AJ14: {=INDEX('metricas_redações_diplomatas'!$C:$C, MATCH(MIN('metricas_redações_diplomatas'!J41:J79),'metricas_redações_diplomatas'!J:J, 0))} -> phi_3_mini_temp07 | AK14: {=INDEX('metricas_redações_diplomatas'!$C:$C, MATCH(MIN('metricas_redações_diplomatas'!K41:K79),'metricas_redações_diplomatas'!K:K, 0))} -> phi_3.5_vision_temp07 | AL14: {=INDEX('metricas_redações_diplomatas'!$C:$C, MATCH(MIN('metricas_redações_diplomatas'!L41:L79),'metricas_redações_diplomatas'!L:L, 0))} -> gpt4o_temp03 | AM14: {=INDEX('metricas_redações_diplomatas'!$C:$C, MATCH(MIN('metricas_redações_diplomatas'!M41:M79),'metricas_redações_diplomatas'!M:M, 0))} -> gpt4o_temp03 | AN14: {=INDEX('metricas_redações_diplomatas'!$C:$C, MATCH(MIN('metricas_redações_diplomatas'!N41:N79),'metricas_redações_diplomatas'!N:N, 0))} -> phi_3_mini_temp03 | AO14: {=INDEX('metricas_redações_diplomatas'!$C:$C, MATCH(MIN('metricas_redações_diplomatas'!O41:O79),'metricas_redações_diplomatas'!O:O, 0))} -> llama_405b_temp05 | AQ14: Pior | AR14: {=INDEX('metricas_redações_diplomatas'!$C:$C, MATCH(MIN('metricas_redações_diplomatas'!D80:D118),'metricas_redações_diplomatas'!D:D, 0))} -> qwen2_7b_temp03 | AS14: {=INDEX('metricas_redações_diplomatas'!$C:$C, MATCH(MIN('metricas_redações_diplomatas'!E80:E118),'metricas_redações_diplomatas'!E:E, 0))} -> qwen2_7b_temp03 | AT14: {=INDEX('metricas_redações_diplomatas'!$C:$C, MATCH(MIN('metricas_redações_diplomatas'!F80:F118),'metricas_redações_diplomatas'!F:F, 0))} -> qwen2_7b_temp03 | AU14: {=INDEX('metricas_redações_diplomatas'!$C:$C, MATCH(MIN('metricas_redações_diplomatas'!G80:G118),'metricas_redações_diplomatas'!G:G, 0))} -> qwen2_7b_temp03 | AV14: {=INDEX('metricas_redações_diplomatas'!$C:$C, MATCH(MIN('metricas_redações_diplomatas'!H80:H118),'metricas_redações_diplomatas'!H:H, 0))} -> qwen2_7b_temp03 | AW14: {=INDEX('metricas_redações_diplomatas'!$C:$C, MATCH(MIN('metricas_redações_diplomatas'!I80:I118),'metricas_redações_diplomatas'!I:I, 0))} -> qwen2_7b_temp03 | AX14: {=INDEX('metricas_redações_diplomatas'!$C:$C, MATCH(MIN('metricas_redações_diplomatas'!J80:J118),'metricas_redações_diplomatas'!J:J, 0))} -> phi_3.5_vision_temp03 | AY14: {=INDEX('metricas_redações_diplomatas'!$C:$C, MATCH(MIN('metricas_redações_diplomatas'!K80:K118),'metricas_redações_diplomatas'!K:K, 0))} -> qwen2_7b_temp03 | AZ14: {=INDEX('metricas_redações_diplomatas'!$C:$C, MATCH(MIN('metricas_redações_diplomatas'!L80:L118),'metricas_redações_diplomatas'!L:L, 0))} -> gpt4o_temp03 | BA14: {=INDEX('metricas_redações_diplomatas'!$C:$C, MATCH(MIN('metricas_redações_diplomatas'!M80:M118),'metricas_redações_diplomatas'!M:M, 0))} -> gpt4o_temp03 | BB14: {=INDEX('metricas_redações_diplomatas'!$C:$C, MATCH(MIN('metricas_redações_diplomatas'!N80:N118),'metricas_redações_diplomatas'!N:N, 0))} -> phi_3_mini_temp03 | BC14: {=INDEX('metricas_redações_diplomatas'!$C:$C, MATCH(MIN('metricas_redações_diplomatas'!O80:O118),'metricas_redações_diplomatas'!O:O, 0))} -> phi_3_mini_temp03 | BE14: Pior | BF14: {=INDEX('metricas_redações_diplomatas'!$C:$C, MATCH(MIN('metricas_redações_diplomatas'!D119:D157),'metricas_redações_diplomatas'!D:D, 0))} -> qwen2_7b_temp03 | BG14: {=INDEX('metricas_redações_diplomatas'!$C:$C, MATCH(MIN('metricas_redações_diplomatas'!E119:E157),'metricas_redações_diplomatas'!E:E, 0))} -> qwen2_7b_temp03 | BH14: {=INDEX('metricas_redações_diplomatas'!$C:$C, MATCH(MIN('metricas_redações_diplomatas'!F119:F157),'metricas_redações_diplomatas'!F:F, 0))} -> qwen2_7b_temp03 | BI14: {=INDEX('metricas_redações_diplomatas'!$C:$C, MATCH(MIN('metricas_redações_diplomatas'!G119:G157),'metricas_redações_diplomatas'!G:G, 0))} -> qwen2_7b_temp03 | BJ14: {=INDEX('metricas_redações_diplomatas'!$C:$C, MATCH(MIN('metricas_redações_diplomatas'!H119:H157),'metricas_redações_diplomatas'!H:H, 0))} -> phi_3.5_vision_temp07 | BK14: {=INDEX('metricas_redações_diplomatas'!$C:$C, MATCH(MIN('metricas_redações_diplomatas'!I119:I157),'metricas_redações_diplomatas'!I:I, 0))} -> phi_3_mini_temp03 | BL14: {=INDEX('metricas_redações_diplomatas'!$C:$C, MATCH(MIN('metricas_redações_diplomatas'!J119:J157),'metricas_redações_diplomatas'!J:J, 0))} -> phi_3_mini_temp07 | BM14: {=INDEX('metricas_redações_diplomatas'!$C:$C, MATCH(MIN('metricas_redações_diplomatas'!K119:K157),'metricas_redações_diplomatas'!K:K, 0))} -> qwen2_7b_temp03 | BN14: {=INDEX('metricas_redações_diplomatas'!$C:$C, MATCH(MIN('metricas_redações_diplomatas'!L119:L157),'metricas_redações_diplomatas'!L:L, 0))} -> gpt4o_temp03 | BO14: {=INDEX('metricas_redações_diplomatas'!$C:$C, MATCH(MIN('metricas_redações_diplomatas'!M119:M157),'metricas_redações_diplomatas'!M:M, 0))} -> gpt4o_temp03 | BP14: {=INDEX('metricas_redações_diplomatas'!$C:$C, MATCH(MIN('metricas_redações_diplomatas'!N119:N157),'metricas_redações_diplomatas'!N:N, 0))} -> phi_3_mini_temp03 | BQ14: {=INDEX('metricas_redações_diplomatas'!$C:$C, MATCH(MIN('metricas_redações_diplomatas'!O119:O157),'metricas_redações_diplomatas'!O:O, 0))} -> phi_3_mini_temp03 | BS14: Pior | BT14: {=INDEX('metricas_redações_diplomatas'!$C:$C, MATCH(MIN('metricas_redações_diplomatas'!D158:D196),'metricas_redações_diplomatas'!D:D, 0))} -> qwen2_7b_temp03 | BU14: {=INDEX('metricas_redações_diplomatas'!$C:$C, MATCH(MIN('metricas_redações_diplomatas'!E158:E196),'metricas_redações_diplomatas'!E:E, 0))} -> qwen2_7b_temp03 | BV14: {=INDEX('metricas_redações_diplomatas'!$C:$C, MATCH(MIN('metricas_redações_diplomatas'!F158:F196),'metricas_redações_diplomatas'!F:F, 0))} -> qwen2_7b_temp03 | BW14: {=INDEX('metricas_redações_diplomatas'!$C:$C, MATCH(MIN('metricas_redações_diplomatas'!G158:G196),'metricas_redações_diplomatas'!G:G, 0))} -> qwen2_7b_temp03 | BX14: {=INDEX('metricas_redações_diplomatas'!$C:$C, MATCH(MIN('metricas_redações_diplomatas'!H158:H196),'metricas_redações_diplomatas'!H:H, 0))} -> qwen2_7b_temp03 | BY14: {=INDEX('metricas_redações_diplomatas'!$C:$C, MATCH(MIN('metricas_redações_diplomatas'!I158:I196),'metricas_redações_diplomatas'!I:I, 0))} -> qwen2_72b_temp07 | BZ14: {=INDEX('metricas_redações_diplomatas'!$C:$C, MATCH(MIN('metricas_redações_diplomatas'!J158:J196),'metricas_redações_diplomatas'!J:J, 0))} -> phi_3.5_vision_temp03 | CA14: {=INDEX('metricas_redações_diplomatas'!$C:$C, MATCH(MIN('metricas_redações_diplomatas'!K158:K196),'metricas_redações_diplomatas'!K:K, 0))} -> qwen2_7b_temp03 | CB14: {=INDEX('metricas_redações_diplomatas'!$C:$C, MATCH(MIN('metricas_redações_diplomatas'!L158:L196),'metricas_redações_diplomatas'!L:L, 0))} -> gpt4o_temp03 | CC14: {=INDEX('metricas_redações_diplomatas'!$C:$C, MATCH(MIN('metricas_redações_diplomatas'!M158:M196),'metricas_redações_diplomatas'!M:M, 0))} -> gpt4o_temp03 | CD14: {=INDEX('metricas_redações_diplomatas'!$C:$C, MATCH(MIN('metricas_redações_diplomatas'!N158:N196),'metricas_redações_diplomatas'!N:N, 0))} -> phi_3_mini_temp03 | CE14: {=INDEX('metricas_redações_diplomatas'!$C:$C, MATCH(MIN('metricas_redações_diplomatas'!O158:O196),'metricas_redações_diplomatas'!O:O, 0))} -> phi_3_mini_temp03 | CG14: Pior | CH14: {=INDEX('metricas_redações_diplomatas'!$C:$C, MATCH(MIN('metricas_redações_diplomatas'!D197:D235),'metricas_redações_diplomatas'!D:D, 0))} -> phi_3_mini_temp03 | CI14: {=INDEX('metricas_redações_diplomatas'!$C:$C, MATCH(MIN('metricas_redações_diplomatas'!E197:E235),'metricas_redações_diplomatas'!E:E, 0))} -> qwen2_7b_temp03 | CJ14: {=INDEX('metricas_redações_diplomatas'!$C:$C, MATCH(MIN('metricas_redações_diplomatas'!F197:F235),'metricas_redações_diplomatas'!F:F, 0))} -> qwen2_7b_temp03 | CK14: {=INDEX('metricas_redações_diplomatas'!$C:$C, MATCH(MIN('metricas_redações_diplomatas'!G197:G235),'metricas_redações_diplomatas'!G:G, 0))} -> qwen2_7b_temp03 | CL14: {=INDEX('metricas_redações_diplomatas'!$C:$C, MATCH(MIN('metricas_redações_diplomatas'!H197:H235),'metricas_redações_diplomatas'!H:H, 0))} -> phi_3.5_vision_temp03 | CM14: {=INDEX('metricas_redações_diplomatas'!$C:$C, MATCH(MIN('metricas_redações_diplomatas'!I197:I235),'metricas_redações_diplomatas'!I:I, 0))} -> phi_3_mini_temp03 | CN14: {=INDEX('metricas_redações_diplomatas'!$C:$C, MATCH(MIN('metricas_redações_diplomatas'!J197:J235),'metricas_redações_diplomatas'!J:J, 0))} -> phi_3_mini_temp07 | CO14: {=INDEX('metricas_redações_diplomatas'!$C:$C, MATCH(MIN('metricas_redações_diplomatas'!K197:K235),'metricas_redações_diplomatas'!K:K, 0))} -> qwen2_7b_temp03 | CP14: {=INDEX('metricas_redações_diplomatas'!$C:$C, MATCH(MIN('metricas_redações_diplomatas'!L197:L235),'metricas_redações_diplomatas'!L:L, 0))} -> gpt4o_temp03 | CQ14: {=INDEX('metricas_redações_diplomatas'!$C:$C, MATCH(MIN('metricas_redações_diplomatas'!M197:M235),'metricas_redações_diplomatas'!M:M, 0))} -> gpt4o_temp03 | CR14: {=INDEX('metricas_redações_diplomatas'!$C:$C, MATCH(MIN('metricas_redações_diplomatas'!N197:N235),'metricas_redações_diplomatas'!N:N, 0))} -> phi_3_mini_temp03 | CS14: {=INDEX('metricas_redações_diplomatas'!$C:$C, MATCH(MIN('metricas_redações_diplomatas'!O197:O235),'metricas_redações_diplomatas'!O:O, 0))} -> phi_3_mini_temp03
B16: BLEU_score | C16: BERTScore_Precision | D16: BERTScore_Recall | E16: BERTScore_F1 | F16: rouge1 | G16: rouge2 | H16: rougeL | I16: rougeLsum | J16: CTC_groundness | K16: CTC_groundness_ref | L16: CTC_factual | M16: CTC_factual_ref | P16: BLEU_score | Q16: BERTScore_Precision | R16: BERTScore_Recall | S16: BERTScore_F1 | T16: rouge1 | U16: rouge2 | V16: rougeL | W16: rougeLsum | X16: CTC_groundness | Y16: CTC_groundness_ref | Z16: CTC_factual | AA16: CTC_factual_ref | AD16: BLEU_score | AE16: BERTScore_Precision | AF16: BERTScore_Recall | AG16: BERTScore_F1 | AH16: rouge1 | AI16: rouge2 | AJ16: rougeL | AK16: rougeLsum | AL16: CTC_groundness | AM16: CTC_groundness_ref | AN16: CTC_factual | AO16: CTC_factual_ref | AR16: BLEU_score | AS16: BERTScore_Precision | AT16: BERTScore_Recall | AU16: BERTScore_F1 | AV16: rouge1 | AW16: rouge2 | AX16: rougeL | AY16: rougeLsum | AZ16: CTC_groundness | BA16: CTC_groundness_ref | BB16: CTC_factual | BC16: CTC_factual_ref | BF16: BLEU_score | BG16: BERTScore_Precision | BH16: BERTScore_Recall | BI16: BERTScore_F1 | BJ16: rouge1 | BK16: rouge2 | BL16: rougeL | BM16: rougeLsum | BN16: CTC_groundness | BO16: CTC_groundness_ref | BP16: CTC_factual | BQ16: CTC_factual_ref | BT16: BLEU_score | BU16: BERTScore_Precision | BV16: BERTScore_Recall | BW16: BERTScore_F1 | BX16: rouge1 | BY16: rouge2 | BZ16: rougeL | CA16: rougeLsum | CB16: CTC_groundness | CC16: CTC_groundness_ref | CD16: CTC_factual | CE16: CTC_factual_ref | CH16: BLEU_score | CI16: BERTScore_Precision | CJ16: BERTScore_Recall | CK16: BERTScore_F1 | CL16: rouge1 | CM16: rouge2 | CN16: rougeL | CO16: rougeLsum | CP16: CTC_groundness | CQ16: CTC_groundness_ref | CR16: CTC_factual | CS16: CTC_factual_ref
A17: Pior | B17: =MIN('metricas_redações_diplomatas'!D:D) -> 0 | C17: =MIN('metricas_redações_diplomatas'!E:E) -> 0.65038788 | D17: =MIN('metricas_redações_diplomatas'!F:F) -> 0.63013124 | E17: =MIN('metricas_redações_diplomatas'!G:G) -> 0.64009935 | F17: =MIN('metricas_redações_diplomatas'!H:H) -> 0.30363036 | G17: =MIN('metricas_redações_diplomatas'!I:I) -> 0.057408844 | H17: =MIN('metricas_redações_diplomatas'!J:J) -> 0.13798573 | I17: =MIN('metricas_redações_diplomatas'!K:K) -> 0.16693164 | J17: =MIN('metricas_redações_diplomatas'!L:L) -> 0 | K17: =MIN('metricas_redações_diplomatas'!M:M) -> 0 | L17: =MIN('metricas_redações_diplomatas'!N:N) -> 0.7023139 | M17: =MIN('metricas_redações_diplomatas'!O:O) -> 0.48749489 | O17: Pior | P17: =MIN('metricas_redações_diplomatas'!D2:D40) -> 0.011364789 | Q17: =MIN('metricas_redações_diplomatas'!E2:E40) -> 0.66962481 | R17: =MIN('metricas_redações_diplomatas'!F2:F40) -> 0.65530962 | S17: =MIN('metricas_redações_diplomatas'!G2:G40) -> 0.66238981 | T17: =MIN('metricas_redações_diplomatas'!H2:H40) -> 0.31086439 | U17: =MIN('metricas_redações_diplomatas'!I2:I40) -> 0.095373665 | V17: =MIN('metricas_redações_diplomatas'!J2:J40) -> 0.13798573 | W17: =MIN('metricas_redações_diplomatas'!K2:K40) -> 0.16693164 | ... AA17: =MIN('metricas_redações_diplomatas'!O2:O40) -> 0.6929934 | AC17: Pior | AD17: =MIN('metricas_redações_diplomatas'!D41:D79) -> 0 | AE17: =MIN('metricas_redações_diplomatas'!E41:E79) -> 0.65038788 | AF17: =MIN('metricas_redações_diplomatas'!F41:F79) -> 0.63013124 | AG17: =MIN('metricas_redações_diplomatas'!G41:G79) -> 0.64009935 | AH17: =MIN('metricas_redações_diplomatas'!H41:H79) -> 0.30363036 | AI17: =MIN('metricas_redações_diplomatas'!I41:I79) -> 0.057408844 | AJ17: =MIN('metricas_redações_diplomatas'!J41:J79) -> 0.14874816 | AK17: =MIN('metricas_redações_diplomatas'!K41:K79) -> 0.18888889 | ... AO17: =MIN('metricas_redações_diplomatas'!O41:O79) -> 0.48749489 | AQ17: Pior | AR17: =MIN('metricas_redações_diplomatas'!D80:D118) -> 0.016165868 | AS17: =MIN('metricas_redações_diplomatas'!E80:E118) -> 0.65785992 | AT17: =MIN('metricas_redações_diplomatas'!F80:F118) -> 0.64551508 | AU17: =MIN('metricas_redações_diplomatas'!G80:G118) -> 0.65162903 | AV17: =MIN('metricas_redações_diplomatas'!H80:H118) -> 0.31688312 | AW17: =MIN('metricas_redações_diplomatas'!I80:I118) -> 0.076322637 | AX17: =MIN('metricas_redações_diplomatas'!J80:J118) -> 0.14853195 | AY17: =MIN('metricas_redações_diplomatas'!K80:K118) -> 0.17835498 | ... BC17: =MIN('metricas_redações_diplomatas'!O80:O118) -> 0.7023139 | BE17: Pior | BF17: =MIN('metricas_redações_diplomatas'!D119:D157) -> 0 | BG17: =MIN('metricas_redações_diplomatas'!E119:E157) -> 0.66262889 | BH17: =MIN('metricas_redações_diplomatas'!F119:F157) -> 0.64959955 | BI17: =MIN('metricas_redações_diplomatas'!G119:G157) -> 0.65604955 | BJ17: =MIN('metricas_redações_diplomatas'!H119:H157) -> 0.34042553 | BK17: =MIN('metricas_redações_diplomatas'!I119:I157) -> 0.063063063 | BL17: =MIN('metricas_redações_diplomatas'!J119:J157) -> 0.16115352 | BM17: =MIN('metricas_redações_diplomatas'!K119:K157) -> 0.18834951 | ... BQ17: =MIN('metricas_redações_diplomatas'!O119:O157) -> 0.7023139 | BS17: Pior | BT17: =MIN('metricas_redações_diplomatas'!D158:D196) -> 0 | BU17: =MIN('metricas_redações_diplomatas'!E158:E196) -> 0.66081595 | BV17: =MIN('metricas_redações_diplomatas'!F158:F196) -> 0.64513981 | BW17: =MIN('metricas_redações_diplomatas'!G158:G196) -> 0.65288377 | BX17: =MIN('metricas_redações_diplomatas'!H158:H196) -> 0.35641548 | BY17: =MIN('metricas_redações_diplomatas'!I158:I196) -> 0.079350766 | BZ17: =MIN('metricas_redações_diplomatas'!J158:J196) -> 0.16243655 | CA17: =MIN('metricas_redações_diplomatas'!K158:K196) -> 0.19348269 | ... CE17: =MIN('metricas_redações_diplomatas'!O158:O196) -> 0.7023139 | CG17: Pior | CH17: =MIN('metricas_redações_diplomatas'!D197:D235) -> 0.026255254 | CI17: =MIN('metricas_redações_diplomatas'!E197:E235) -> 0.66160095 | CJ17: =MIN('metricas_redações_diplomatas'!F197:F235) -> 0.63696951 | CK17: =MIN('metricas_redações_diplomatas'!G197:G235) -> 0.64905167 | CL17: =MIN('metricas_redações_diplomatas'!H197:H235) -> 0.37988827 | CM17: =MIN('metricas_redações_diplomatas'!I197:I235) -> 0.09556907 | CN17: =MIN('metricas_redações_diplomatas'!J197:J235) -> 0.16721311 | CO17: =MIN('metricas_redações_diplomatas'!K197:K235) -> 0.20728291 | ... CS17: =MIN('metricas_redações_diplomatas'!O197:O235) -> 0.7023139
B20: BLEU_score | D20: BERTScore_Precision | F20: BERTScore_Recall | H20: BERTScore_F1 | J20: rouge1 | L20: rouge2 | P20: BLEU_score | R20: BERTScore_Precision | T20: BERTScore_Recall | V20: BERTScore_F1 | X20: rouge1 | Z20: rouge2 | AD20: BLEU_score | AF20: BERTScore_Precision | AH20: BERTScore_Recall | AJ20: BERTScore_F1 | AL20: rouge1 | AN20: rouge2 | AR20: BLEU_score | AT20: BERTScore_Precision | AV20: BERTScore_Recall | AX20: BERTScore_F1 | AZ20: rouge1 | BB20: rouge2 | BF20: BLEU_score | BH20: BERTScore_Precision | BJ20: BERTScore_Recall | BL20: BERTScore_F1 | BN20: rouge1 | BP20: rouge2 | BT20: BLEU_score | BV20: BERTScore_Precision | BX20: BERTScore_Recall | BZ20: BERTScore_F1 | CB20: rouge1 | CD20: rouge2 | CH20: BLEU_score | CJ20: BERTScore_Precision | CL20: BERTScore_Recall | CN20: BERTScore_F1 | CP20: rouge1 | CR20: rouge2
B21: Modelo Maior | C21: Modelo Menor | D21: Modelo Maior | E21: Modelo Menor | F21: Modelo Maior | G21: Modelo Menor | H21: Modelo Maior | I21: Modelo Menor | J21: Modelo Maior | K21: Modelo Menor | L21: Modelo Maior | M21: Modelo Menor | P21: Modelo Maior | Q21: Modelo Menor | R21: Modelo Maior | S21: Modelo Menor | T21: Modelo Maior | U21: Modelo Menor | V21: Modelo Maior | W21: Modelo Menor | X21: Modelo Maior | Y21: Modelo Menor | Z21: Modelo Maior | AA21: Modelo Menor | AD21: Modelo Maior | AE21: Modelo Menor | AF21: Modelo Maior | AG21: Modelo Menor | AH21: Modelo Maior | AI21: Modelo Menor | AJ21: Modelo Maior | AK21: Modelo Menor | AL21: Modelo Maior | AM21: Modelo Menor | AN21: Modelo Maior | AO21: Modelo Menor | AR21: Modelo Maior | AS21: Modelo Menor | AT21: Modelo Maior | AU21: Modelo Menor | AV21: Modelo Maior | AW21: Modelo Menor | AX21: Modelo Maior | AY21: Modelo Menor | AZ21: Modelo Maior | BA21: Modelo Menor | BB21: Modelo Maior | BC21: Modelo Menor | BF21: Modelo Maior | BG21: Modelo Menor | BH21: Modelo Maior | BI21: Modelo Menor | BJ21: Modelo Maior | BK21: Modelo Menor | BL21: Modelo Maior | BM21: Modelo Menor | BN21: Modelo Maior | BO21: Modelo Menor | BP21: Modelo Maior | BQ21: Modelo Menor | BT21: Modelo Maior | BU21: Modelo Menor | BV21: Modelo Maior | BW21: Modelo Menor | BX21: Modelo Maior | BY21: Modelo Menor | BZ21: Modelo Maior | CA21: Modelo Menor | CB21: Modelo Maior | CC21: Modelo Menor | CD21: Modelo Maior | CE21: Modelo Menor | CH21: Modelo Maior | CI21: Modelo Menor | CJ21: Modelo Maior | CK21: Modelo Menor | CL21: Modelo Maior | CM21: Modelo Menor | CN21: Modelo Maior | CO21: Modelo Menor | CP21: Modelo Maior | CQ21: Modelo Menor | CR21: Modelo Maior | CS21: Modelo Menor
A22: Gemma | B22: =MAX(metricas_media!D20:D37) -> 0.076993905 | C22: =MAX(metricas_media!D38:D55) -> 0.07846316 | D22: =MAX(metricas_media!E20:E37) -> 0.75547194 | E22: =MAX(metricas_media!E38:E55) -> 0.76611412 | F22: =MAX(metricas_media!F20:F37) -> 0.74298131 | G22: =MAX(metricas_media!F38:F55) -> 0.75195205 | H22: =MAX(metricas_media!G20:G37) -> 0.74917454 | I22: =MAX(metricas_media!G38:G55) -> 0.75731093 | J22: =MAX(metricas_media!H20:H37) -> 0.49250535 | K22: =MAX(metricas_media!H38:H55) -> 0.49459042 | L22: =MAX(metricas_media!I20:I37) -> 0.15762926 | M22: =MAX(metricas_media!I38:I55) -> 0.16305062 | O22: Gemma | P22: =MAX(Gemma!D2:D4) -> 0.056423145 | Q22: =MAX(Gemma!D5:D7) -> 0.057153719 | R22: =MAX(Gemma!E2:E4) -> 0.7473039 | S22: =MAX(Gemma!E5:E7) -> 0.75961924 | T22: =MAX(Gemma!F2:F4) -> 0.73746061 | U22: =MAX(Gemma!F5:F7) -> 0.75195205 | V22: =MAX(Gemma!G2:G4) -> 0.74234957 | W22: =MAX(Gemma!G5:G7) -> 0.75498939 | X22: =MAX(Gemma!H2:H4) -> 0.47607053 | Y22: =MAX(Gemma!H5:H7) -> 0.49044586 | Z22: =MAX(Gemma!I2:I4) -> 0.15762926 | AA22: =MAX(Gemma!I5:I7) -> 0.16305062 | AC22: Gemma | AD22: =MAX(Gemma!$D8:$D10) -> 0.035039186 | AE22: =MAX(Gemma!$D11:$D13) -> 0.045469549 | AF22: =MAX(Gemma!$E8:$E10) -> 0.72421813 | AG22: =MAX(Gemma!$E11:$E13) -> 0.73171371 | AH22: =MAX(Gemma!$F8:$F10) -> 0.70147038 | AI22: =MAX(Gemma!$F11:$F13) -> 0.70930851 | AJ22: =MAX(Gemma!$G8:$G10) -> 0.71266276 | AK22: =MAX(Gemma!$G11:$G13) -> 0.72017586 | AL22: =MAX(Gemma!$H8:$H10) -> 0.43014945 | AM22: =MAX(Gemma!$H11:$H13) -> 0.46285339 | AN22: =MAX(Gemma!$I8:$I10) -> 0.099737533 | AO22: =MAX(Gemma!$I11:$I13) -> 0.11141304 | AQ22: Gemma | AR22: =MAX(Gemma!$D14:$D16) -> 0.058063388 | AS22: =MAX(Gemma!$D17:$D19) -> 0.07846316 | AT22: =MAX(Gemma!$E14:$E16) -> 0.75547194 | AU22: =MAX(Gemma!$E17:$E19) -> 0.76611412 | AV22: =MAX(Gemma!$F14:$F16) -> 0.74298131 | AW22: =MAX(Gemma!$F17:$F19) -> 0.74870771 | AX22: =MAX(Gemma!$G14:$G16) -> 0.74917454 | AY22: =MAX(Gemma!$G17:$G19) -> 0.75731093 | AZ22: =MAX(Gemma!$H14:$H16) -> 0.44444444 | BA22: =MAX(Gemma!$H17:$H19) -> 0.49079755 | BB22: =MAX(Gemma!$I14:$I16) -> 0.12108844 | BC22: =MAX(Gemma!$I17:$I19) -> 0.15836177 | BE22: Gemma | BF22: =MAX(Gemma!$D20:$D22) -> 0.050480298 | BG22: =MAX(Gemma!$D23:$D25) -> 0.056678332 | BH22: =MAX(Gemma!$E20:$E22) -> 0.73841929 | BI22: =MAX(Gemma!$E23:$E25) -> 0.74073243 | BJ22: =MAX(Gemma!$F20:$F22) -> 0.72959125 | BK22: =MAX(Gemma!$F23:$F25) -> 0.73184586 | BL22: =MAX(Gemma!$G20:$G22) -> 0.73397875 | BM22: =MAX(Gemma!$G23:$G25) -> 0.73626238 | BN22: =MAX(Gemma!$H20:$H22) -> 0.46470588 | BO22: =MAX(Gemma!$H23:$H25) -> 0.47391952 | BP22: =MAX(Gemma!$I20:$I22) -> 0.11340206 | BQ22: =MAX(Gemma!$I23:$I25) -> 0.12089552 | BS22: Gemma | BT22: =MAX(Gemma!$D26:$D28) -> 0.037884232 | BU22: =MAX(Gemma!$D29:$D31) -> 0.06697938 | BV22: =MAX(Gemma!$E26:$E28) -> 0.7248826 | BW22: =MAX(Gemma!$E29:$E31) -> 0.74439728 | BX22: =MAX(Gemma!$F26:$F28) -> 0.71459371 | BY22: =MAX(Gemma!$F29:$F31) -> 0.73254794 | BZ22: =MAX(Gemma!$G26:$G28) -> 0.71970141 | CA22: =MAX(Gemma!$G29:$G31) -> 0.73749453 | CB22: =MAX(Gemma!$H26:$H28) -> 0.44359756 | CC22: =MAX(Gemma!$H29:$H31) -> 0.49459042 | CD22: =MAX(Gemma!$I26:$I28) -> 0.10948342 | CE22: =MAX(Gemma!$I29:$I31) -> 0.14297189 | CG22: Gemma | CH22: =MAX(Gemma!$D32:$D34) -> 0.076993905 | CI22: =MAX(Gemma!$D35:$D37) -> 0.063319497 | CJ22: =MAX(Gemma!$E32:$E34) -> 0.74472165 | CK22: =MAX(Gemma!$E35:$E37) -> 0.75104558 | CL22: =MAX(Gemma!$F32:$F34) -> 0.71848679 | CM22: =MAX(Gemma!$F35:$F37) -> 0.72242337 | CN22: =MAX(Gemma!$G32:$G34) -> 0.73122072 | CO22: =MAX(Gemma!$G35:$G37) -> 0.73630953 | CP22: =MAX(Gemma!$H32:$H34) -> 0.49250535 | CQ22: =MAX(Gemma!$H35:$H37) -> 0.48652695 | CR22: =MAX(Gemma!$I32:$I34) -> 0.15151515 | CS22: =MAX(Gemma!$I35:$I37) -> 0.14916727
A23: Qwen | B23: =MAX(metricas_media!D182:D199) -> 0.063582763 | C23: =MAX(metricas_media!D37:D200) -> 0.10349588 | D23: =MAX(metricas_media!E182:E199) -> 0.75820023 | E23: =MAX(metricas_media!E37:E200) -> 0.77178907 | F23: =MAX(metricas_media!F182:F199) -> 0.75222206 | G23: =MAX(metricas_media!F37:F200) -> 0.75222206 | H23: =MAX(metricas_media!G182:G199) -> 0.75346375 | I23: =MAX(metricas_media!G37:G200) -> 0.75731093 | J23: =MAX(metricas_media!H182:H199) -> 0.44603175 | K23: =MAX(metricas_media!H37:H200) -> 0.53100597 | L23: =MAX(metricas_media!I182:I199) -> 0.13014827 | M23: =MAX(metricas_media!I37:I200) -> 0.17915309 | O23: Qwen | P23: =MAX(Qwen!D2:D4) -> 0.049276347 | Q23: =MAX(Qwen!D5:D7) -> 0.022099407 | R23: =MAX(Qwen!E2:E4) -> 0.75470948 | S23: =MAX(Qwen!E5:E7) -> 0.74341667 | T23: =MAX(Qwen!F2:F4) -> 0.75222206 | U23: =MAX(Qwen!F5:F7) -> 0.72392589 | V23: =MAX(Qwen!G2:G4) -> 0.75346375 | W23: =MAX(Qwen!G5:G7) -> 0.73354179 | X23: =MAX(Qwen!H2:H4) -> 0.414651 | Y23: =MAX(Qwen!H5:H7) -> 0.35752483 | Z23: =MAX(Qwen!I2:I4) -> 0.12851986 | AA23: =MAX(Qwen!I5:I7) -> 0.10711553 | AC23: Qwen | AD23: =MAX(Qwen!$D8:$D10) -> 0.032264429 | AE23: =MAX(Qwen!$D11:$D13) -> 0.017480168 | AF23: =MAX(Qwen!$E8:$E10) -> 0.73906934 | AG23: =MAX(Qwen!$E11:$E13) -> 0.74438447 | AH23: =MAX(Qwen!$F8:$F10) -> 0.71619368 | AI23: =MAX(Qwen!$F11:$F13) -> 0.7032969 | AJ23: =MAX(Qwen!$G8:$G10) -> 0.72745168 | AK23: =MAX(Qwen!$G11:$G13) -> 0.72325754 | AL23: =MAX(Qwen!$H8:$H10) -> 0.37625179 | AM23: =MAX(Qwen!$H11:$H13) -> 0.33809524 | AN23: =MAX(Qwen!$I8:$I10) -> 0.10502959 | AO23: =MAX(Qwen!$I11:$I13) -> 0.092209857 | AQ23: Qwen | AR23: =MAX(Qwen!$D14:$D16) -> 0.060802531 | AS23: =MAX(Qwen!$D17:$D19) -> 0.028990397 | AT23: =MAX(Qwen!$E14:$E16) -> 0.75820023 | AU23: =MAX(Qwen!$E17:$E19) -> 0.74650276 | AV23: =MAX(Qwen!$F14:$F16) -> 0.74542332 | AW23: =MAX(Qwen!$F17:$F19) -> 0.72040439 | AX23: =MAX(Qwen!$G14:$G16) -> 0.7517575 | AY23: =MAX(Qwen!$G17:$G19) -> 0.73322141 | AZ23: =MAX(Qwen!$H14:$H16) -> 0.41517857 | BA23: =MAX(Qwen!$H17:$H19) -> 0.35655058 | BB23: =MAX(Qwen!$I14:$I16) -> 0.10939908 | BC23: =MAX(Qwen!$I17:$I19) -> 0.10299003 | BE23: Qwen | BF23: =MAX(Qwen!$D20:$D22) -> 0.054309854 | BG23: =MAX(Qwen!$D23:$D25) -> 0.019183651 | BH23: =MAX(Qwen!$E20:$E22) -> 0.73870415 | BI23: =MAX(Qwen!$E23:$E25) -> 0.73646265 | BJ23: =MAX(Qwen!$F20:$F22) -> 0.73139751 | BK23: =MAX(Qwen!$F23:$F25) -> 0.71732169 | BL23: =MAX(Qwen!$G20:$G22) -> 0.73275053 | BM23: =MAX(Qwen!$G23:$G25) -> 0.72676611 | BN23: =MAX(Qwen!$H20:$H22) -> 0.43806399 | BO23: =MAX(Qwen!$H23:$H25) -> 0.37742831 | BP23: =MAX(Qwen!$I20:$I22) -> 0.10353328 | BQ23: =MAX(Qwen!$I23:$I25) -> 0.09823911 | BS23: Qwen | BT23: =MAX(Qwen!$D26:$D28) -> 0.063582763 | BU23: =MAX(Qwen!$D29:$D31) -> 0.027245269 | BV23: =MAX(Qwen!$E26:$E28) -> 0.74917364 | BW23: =MAX(Qwen!$E29:$E31) -> 0.74496669 | BX23: =MAX(Qwen!$F26:$F28) -> 0.73570311 | BY23: =MAX(Qwen!$F29:$F31) -> 0.72741151 | BZ23: =MAX(Qwen!$G26:$G28) -> 0.74237728 | CA23: =MAX(Qwen!$G29:$G31) -> 0.73608446 | CB23: =MAX(Qwen!$H26:$H28) -> 0.43723313 | CC23: =MAX(Qwen!$H29:$H31) -> 0.4143272 | CD23: =MAX(Qwen!$I26:$I28) -> 0.11022222 | CE23: =MAX(Qwen!$I29:$I31) -> 0.10669253 | CG23: Qwen | CH23: =MAX(Qwen!$D32:$D34) -> 0.056917966 | CI23: =MAX(Qwen!$D35:$D37) -> 0.033386546 | CJ23: =MAX(Qwen!$E32:$E34) -> 0.74488688 | CK23: =MAX(Qwen!$E35:$E37) -> 0.74603653 | CL23: =MAX(Qwen!$F32:$F34) -> 0.72016394 | CM23: =MAX(Qwen!$F35:$F37) -> 0.70213431 | CN23: =MAX(Qwen!$G32:$G34) -> 0.73136759 | CO23: =MAX(Qwen!$G35:$G37) -> 0.7234199 | CP23: =MAX(Qwen!$H32:$H34) -> 0.44603175 | CQ23: =MAX(Qwen!$H35:$H37) -> 0.41354724 | CR23: =MAX(Qwen!$I32:$I34) -> 0.13014827 | CS23: =MAX(Qwen!$I35:$I37) -> 0.14642857
A24: Llama | B24: =MAX(metricas_media!D74:D91) -> 0.084396355 | C24: =MAX(metricas_media!D92:D109) -> 0.072641044 | D24: =MAX(metricas_media!E74:E91) -> 0.77178907 | E24: =MAX(metricas_media!E92:E109) -> 0.74450493 | F24: =MAX(metricas_media!F74:F91) -> 0.74282485 | G24: =MAX(metricas_media!F92:F109) -> 0.73518372 | H24: =MAX(metricas_media!G74:G91) -> 0.75178814 | I24: =MAX(metricas_media!G92:G109) -> 0.73886049 | J24: =MAX(metricas_media!H74:H91) -> 0.51599728 | K24: =MAX(metricas_media!H92:H109) -> 0.52859135 | L24: =MAX(metricas_media!I74:I91) -> 0.16223586 | M24: =MAX(metricas_media!I92:I109) -> 0.15531136 | O24: Llama | P24: =MAX(Llama!D2:D4) -> 0.066466234 | Q24: =MAX(Llama!D5:D7) -> 0.06213829 | R24: =MAX(Llama!E2:E4) -> 0.74790078 | S24: =MAX(Llama!E5:E7) -> 0.74257421 | T24: =MAX(Llama!F2:F4) -> 0.73585701 | U24: =MAX(Llama!F5:F7) -> 0.73518372 | V24: =MAX(Llama!G2:G4) -> 0.74018991 | W24: =MAX(Llama!G5:G7) -> 0.73886049 | X24: =MAX(Llama!H2:H4) -> 0.47584541 | Y24: =MAX(Llama!H5:H7) -> 0.48611968 | Z24: =MAX(Llama!I2:I4) -> 0.13905683 | AA24: =MAX(Llama!I5:I7) -> 0.13538874 | AC24: Llama | AD24: =MAX(Llama!$D8:$D10) -> 0.040185484 | AE24: =MAX(Llama!$D11:$D13) -> 0.023412628 | AF24: =MAX(Llama!$E8:$E10) -> 0.72475362 | AG24: =MAX(Llama!$E11:$E13) -> 0.71995127 | AH24: =MAX(Llama!$F8:$F10) -> 0.70007664 | AI24: =MAX(Llama!$F11:$F13) -> 0.69795686 | AJ24: =MAX(Llama!$G8:$G10) -> 0.70997751 | AK24: =MAX(Llama!$G11:$G13) -> 0.70878345 | AL24: =MAX(Llama!$H8:$H10) -> 0.43061605 | AM24: =MAX(Llama!$H11:$H13) -> 0.4605598 | AN24: =MAX(Llama!$I8:$I10) -> 0.10841122 | AO24: =MAX(Llama!$I11:$I13) -> 0.10672211 | AQ24: Llama | AR24: =MAX(Llama!$D14:$D16) -> 0.072966542 | AS24: =MAX(Llama!$D17:$D19) -> 0.072641044 | AT24: =MAX(Llama!$E14:$E16) -> 0.77178907 | AU24: =MAX(Llama!$E17:$E19) -> 0.74450493 | AV24: =MAX(Llama!$F14:$F16) -> 0.74282485 | AW24: =MAX(Llama!$F17:$F19) -> 0.73091966 | AX24: =MAX(Llama!$G14:$G16) -> 0.75178814 | AY24: =MAX(Llama!$G17:$G19) -> 0.7376498 | AZ24: =MAX(Llama!$H14:$H16) -> 0.50096587 | BA24: =MAX(Llama!$H17:$H19) -> 0.49407115 | BB24: =MAX(Llama!$I14:$I16) -> 0.14027476 | BC24: =MAX(Llama!$I17:$I19) -> 0.13456464 | BE24: Llama | BF24: =MAX(Llama!$D20:$D22) -> 0.063558538 | BG24: =MAX(Llama!$D23:$D25) -> 0.040733933 | BH24: =MAX(Llama!$E20:$E22) -> 0.7458691 | BI24: =MAX(Llama!$E23:$E25) -> 0.72784525 | BJ24: =MAX(Llama!$F20:$F22) -> 0.72801888 | BK24: =MAX(Llama!$F23:$F25) -> 0.71569175 | BL24: =MAX(Llama!$G20:$G22) -> 0.73260134 | BM24: =MAX(Llama!$G23:$G25) -> 0.7217173 | BN24: =MAX(Llama!$H20:$H22) -> 0.46078431 | BO24: =MAX(Llama!$H23:$H25) -> 0.45369706 | BP24: =MAX(Llama!$I20:$I22) -> 0.12440945 | BQ24: =MAX(Llama!$I23:$I25) -> 0.10574018 | BS24: Llama | BT24: =MAX(Llama!$D26:$D28) -> 0.084396355 | BU24: =MAX(Llama!$D29:$D31) -> 0.060807517 | BV24: =MAX(Llama!$E26:$E28) -> 0.74689579 | BW24: =MAX(Llama!$E29:$E31) -> 0.72938919 | BX24: =MAX(Llama!$F26:$F28) -> 0.72932756 | BY24: =MAX(Llama!$F29:$F31) -> 0.71931309 | BZ24: =MAX(Llama!$G26:$G28) -> 0.73775738 | CA24: =MAX(Llama!$G29:$G31) -> 0.72431612 | CB24: =MAX(Llama!$H26:$H28) -> 0.47222222 | CC24: =MAX(Llama!$H29:$H31) -> 0.47730829 | CD24: =MAX(Llama!$I26:$I28) -> 0.15220949 | CE24: =MAX(Llama!$I29:$I31) -> 0.13253909 | CG24: Llama | CH24: =MAX(Llama!$D32:$D34) -> 0.071573897 | CI24: =MAX(Llama!$D35:$D37) -> 0.068885002 | CJ24: =MAX(Llama!$E32:$E34) -> 0.7561214 | CK24: =MAX(Llama!$E35:$E37) -> 0.73337573 | CL24: =MAX(Llama!$F32:$F34) -> 0.72383904 | CM24: =MAX(Llama!$F35:$F37) -> 0.71826971 | CN24: =MAX(Llama!$G32:$G34) -> 0.73608649 | CO24: =MAX(Llama!$G35:$G37) -> 0.72574419 | CP24: =MAX(Llama!$H32:$H34) -> 0.51599728 | CQ24: =MAX(Llama!$H35:$H37) -> 0.52859135 | CR24: =MAX(Llama!$I32:$I34) -> 0.16223586 | CS24: =MAX(Llama!$I35:$I37) -> 0.15531136
A25: Mixtral | B25: =MAX(metricas_media!D110:D127) -> 0.071974486 | C25: =MAX(metricas_media!D128:D145) -> 0.075188061 | D25: =MAX(metricas_media!E110:E127) -> 0.76395571 | E25: =MAX(metricas_media!E128:E145) -> 0.75260967 | F25: =MAX(metricas_media!F110:F127) -> 0.74382192 | G25: =MAX(metricas_media!F128:F145) -> 0.74297416 | H25: =MAX(metricas_media!G110:G127) -> 0.75375438 | I25: =MAX(metricas_media!G128:G145) -> 0.74223417 | J25: =MAX(metricas_media!H110:H127) -> 0.48394675 | K25: =MAX(metricas_media!H128:H145) -> 0.50940666 | L25: =MAX(metricas_media!I110:I127) -> 0.14901961 | M25: =MAX(metricas_media!I128:I145) -> 0.16256831 | O25: Mixtral | P25: =MAX(Mixtral!D2:D4) -> 0.070487778 | Q25: =MAX(Mixtral!D5:D7) -> 0.054134064 | R25: =MAX(Mixtral!E2:E4) -> 0.76395571 | S25: =MAX(Mixtral!E5:E7) -> 0.74463999 | T25: =MAX(Mixtral!F2:F4) -> 0.74382192 | U25: =MAX(Mixtral!F5:F7) -> 0.74213481 | V25: =MAX(Mixtral!G2:G4) -> 0.75375438 | W25: =MAX(Mixtral!G5:G7) -> 0.73819107 | X25: =MAX(Mixtral!H2:H4) -> 0.44719687 | Y25: =MAX(Mixtral!H5:H7) -> 0.4665392 | Z25: =MAX(Mixtral!I2:I4) -> 0.14360313 | AA25: =MAX(Mixtral!I5:I7) -> 0.13401404 | AC25: Mixtral | AD25: =MAX(Mixtral!$D8:$D10) -> 0.045682241 | AE25: =MAX(Mixtral!$D11:$D13) -> 0.03786532 | AF25: =MAX(Mixtral!$E8:$E10) -> 0.7391147 | AG25: =MAX(Mixtral!$E11:$E13) -> 0.72632504 | AH25: =MAX(Mixtral!$F8:$F10) -> 0.70712805 | AI25: =MAX(Mixtral!$F11:$F13) -> 0.70580155 | AJ25: =MAX(Mixtral!$G8:$G10) -> 0.72131407 | AK25: =MAX(Mixtral!$G11:$G13) -> 0.71432495 | AL25: =MAX(Mixtral!$H8:$H10) -> 0.40673401 | AM25: =MAX(Mixtral!$H11:$H13) -> 0.44473684 | AN25: =MAX(Mixtral!$I8:$I10) -> 0.11606511 | AO25: =MAX(Mixtral!$I11:$I13) -> 0.11462451 | AQ25: Mixtral | AR25: =MAX(Mixtral!$D14:$D16) -> 0.071974486 | AS25: =MAX(Mixtral!$D17:$D19) -> 0.075188061 | AT25: =MAX(Mixtral!$E14:$E16) -> 0.75334275 | AU25: =MAX(Mixtral!$E17:$E19) -> 0.75260967 | AV25: =MAX(Mixtral!$F14:$F16) -> 0.73693657 | AW25: =MAX(Mixtral!$F17:$F19) -> 0.74297416 | AX25: =MAX(Mixtral!$G14:$G16) -> 0.74504936 | AY25: =MAX(Mixtral!$G17:$G19) -> 0.74223417 | AZ25: =MAX(Mixtral!$H14:$H16) -> 0.45260838 | BA25: =MAX(Mixtral!$H17:$H19) -> 0.50886767 | BB25: =MAX(Mixtral!$I14:$I16) -> 0.14422369 | BC25: =MAX(Mixtral!$I17:$I19) -> 0.16256831 | BE25: Mixtral | BF25: =MAX(Mixtral!$D20:$D22) -> 0.046993373 | BG25: =MAX(Mixtral!$D23:$D25) -> 0.039109414 | BH25: =MAX(Mixtral!$E20:$E22) -> 0.75125545 | BI25: =MAX(Mixtral!$E23:$E25) -> 0.7373516 | BJ25: =MAX(Mixtral!$F20:$F22) -> 0.73171508 | BK25: =MAX(Mixtral!$F23:$F25) -> 0.72803181 | BL25: =MAX(Mixtral!$G20:$G22) -> 0.73968077 | BM25: =MAX(Mixtral!$G23:$G25) -> 0.73115003 | BN25: =MAX(Mixtral!$H20:$H22) -> 0.43950995 | BO25: =MAX(Mixtral!$H23:$H25) -> 0.45339299 | BP25: =MAX(Mixtral!$I20:$I22) -> 0.11359725 | BQ25: =MAX(Mixtral!$I23:$I25) -> 0.10754294 | BS25: Mixtral | BT25: =MAX(Mixtral!$D26:$D28) -> 0.068939289 | BU25: =MAX(Mixtral!$D29:$D31) -> 0.063269505 | BV25: =MAX(Mixtral!$E26:$E28) -> 0.75277066 | BW25: =MAX(Mixtral!$E29:$E31) -> 0.73184329 | BX25: =MAX(Mixtral!$F26:$F28) -> 0.73403102 | BY25: =MAX(Mixtral!$F29:$F31) -> 0.72467268 | BZ25: =MAX(Mixtral!$G26:$G28) -> 0.74328274 | CA25: =MAX(Mixtral!$G29:$G31) -> 0.72369307 | CB25: =MAX(Mixtral!$H26:$H28) -> 0.47491039 | CC25: =MAX(Mixtral!$H29:$H31) -> 0.4671307 | CD25: =MAX(Mixtral!$I26:$I28) -> 0.13644524 | CE25: =MAX(Mixtral!$I29:$I31) -> 0.11928737 | CG25: Mixtral | CH25: =MAX(Mixtral!$D32:$D34) -> 0.053229998 | CI25: =MAX(Mixtral!$D35:$D37) -> 0.054894016 | CJ25: =MAX(Mixtral!$E32:$E34) -> 0.75368083 | CK25: =MAX(Mixtral!$E35:$E37) -> 0.734267 | CL25: =MAX(Mixtral!$F32:$F34) -> 0.72550446 | CM25: =MAX(Mixtral!$F35:$F37) -> 0.71742785 | CN25: =MAX(Mixtral!$G32:$G34) -> 0.73779333 | CO25: =MAX(Mixtral!$G35:$G37) -> 0.72306752 | CP25: =MAX(Mixtral!$H32:$H34) -> 0.48394675 | CQ25: =MAX(Mixtral!$H35:$H37) -> 0.50940666 | CR25: =MAX(Mixtral!$I32:$I34) -> 0.14901961 | CS25: =MAX(Mixtral!$I35:$I37) -> 0.15362319
A26: Phi | B26: =MAX(metricas_media!D146:D163) -> 0.032682725 | C26: =MAX(metricas_media!D164:D181) -> 0.037997553 | D26: =MAX(metricas_media!E146:E163) -> 0.7632457 | E26: =MAX(metricas_media!E164:E181) -> 0.75050688 | F26: =MAX(metricas_media!F146:F163) -> 0.73368764 | G26: =MAX(metricas_media!F164:F181) -> 0.73733658 | H26: =MAX(metricas_media!G146:G163) -> 0.74691761 | I26: =MAX(metricas_media!G164:G181) -> 0.74145412 | J26: =MAX(metricas_media!H146:H163) -> 0.40463458 | K26: =MAX(metricas_media!H164:H181) -> 0.42622951 | L26: =MAX(metricas_media!I146:I163) -> 0.13432836 | M26: =MAX(metricas_media!I164:I181) -> 0.13142376 | O26: Phi | P26: =MAX(Phi!D2:D4) -> 0.012332305 | Q26: =MAX(Phi!D5:D7) -> 0.022982491 | R26: =MAX(Phi!E2:E4) -> 0.75276965 | S26: =MAX(Phi!E5:E7) -> 0.74618888 | T26: =MAX(Phi!F2:F4) -> 0.73368764 | U26: =MAX(Phi!F5:F7) -> 0.73733658 | V26: =MAX(Phi!G2:G4) -> 0.74310613 | W26: =MAX(Phi!G5:G7) -> 0.74145412 | X26: =MAX(Phi!H2:H4) -> 0.3223835 | Y26: =MAX(Phi!H5:H7) -> 0.36119403 | Z26: =MAX(Phi!I2:I4) -> 0.10643368 | AA26: =MAX(Phi!I5:I7) -> 0.10164425 | AC26: Phi | AD26: =MAX(Phi!$D8:$D10) -> 0.011709434 | AE26: =MAX(Phi!$D11:$D13) -> 0.023489843 | AF26: =MAX(Phi!$E8:$E10) -> 0.73847437 | AG26: =MAX(Phi!$E11:$E13) -> 0.73593438 | AH26: =MAX(Phi!$F8:$F10) -> 0.70169783 | AI26: =MAX(Phi!$F11:$F13) -> 0.70578432 | AJ26: =MAX(Phi!$G8:$G10) -> 0.71961653 | AK26: =MAX(Phi!$G11:$G13) -> 0.71701866 | AL26: =MAX(Phi!$H8:$H10) -> 0.32222222 | AM26: =MAX(Phi!$H11:$H13) -> 0.3460972 | AN26: =MAX(Phi!$I8:$I10) -> 0.085950413 | AO26: =MAX(Phi!$I11:$I13) -> 0.081120944 | AQ26: Phi | AR26: =MAX(Phi!$D14:$D16) -> 0.02053895 | AS26: =MAX(Phi!$D17:$D19) -> 0.034569283 | AT26: =MAX(Phi!$E14:$E16) -> 0.7632457 | AU26: =MAX(Phi!$E17:$E19) -> 0.75050688 | AV26: =MAX(Phi!$F14:$F16) -> 0.73127347 | AW26: =MAX(Phi!$F17:$F19) -> 0.73237431 | AX26: =MAX(Phi!$G14:$G16) -> 0.74691761 | AY26: =MAX(Phi!$G17:$G19) -> 0.73795235 | AZ26: =MAX(Phi!$H14:$H16) -> 0.35986733 | BA26: =MAX(Phi!$H17:$H19) -> 0.40062844 | BB26: =MAX(Phi!$I14:$I16) -> 0.10726644 | BC26: =MAX(Phi!$I17:$I19) -> 0.12116444 | BE26: Phi | BF26: =MAX(Phi!$D20:$D22) -> 0.015278912 | BG26: =MAX(Phi!$D23:$D25) -> 0.02362758 | BH26: =MAX(Phi!$E20:$E22) -> 0.73928607 | BI26: =MAX(Phi!$E23:$E25) -> 0.73680902 | BJ26: =MAX(Phi!$F20:$F22) -> 0.7178995 | BK26: =MAX(Phi!$F23:$F25) -> 0.72648835 | BL26: =MAX(Phi!$G20:$G22) -> 0.72843587 | BM26: =MAX(Phi!$G23:$G25) -> 0.73053837 | BN26: =MAX(Phi!$H20:$H22) -> 0.35043562 | BO26: =MAX(Phi!$H23:$H25) -> 0.37979094 | BP26: =MAX(Phi!$I20:$I22) -> 0.08897127 | BQ26: =MAX(Phi!$I23:$I25) -> 0.084961767 | BS26: Phi | BT26: =MAX(Phi!$D26:$D28) -> 0.032682725 | BU26: =MAX(Phi!$D29:$D31) -> 0.037997553 | BV26: =MAX(Phi!$E26:$E28) -> 0.7410962 | BW26: =MAX(Phi!$E29:$E31) -> 0.7417627 | BX26: =MAX(Phi!$F26:$F28) -> 0.71411556 | BY26: =MAX(Phi!$F29:$F31) -> 0.72649699 | BZ26: =MAX(Phi!$G26:$G28) -> 0.72735578 | CA26: =MAX(Phi!$G29:$G31) -> 0.73222911 | CB26: =MAX(Phi!$H26:$H28) -> 0.37947725 | CC26: =MAX(Phi!$H29:$H31) -> 0.40037594 | CD26: =MAX(Phi!$I26:$I28) -> 0.12221145 | CE26: =MAX(Phi!$I29:$I31) -> 0.12021858 | CG26: Phi | CH26: =MAX(Phi!$D32:$D34) -> 0.028097839 | CI26: =MAX(Phi!$D35:$D37) -> 0.034913085 | CJ26: =MAX(Phi!$E32:$E34) -> 0.75217032 | CK26: =MAX(Phi!$E35:$E37) -> 0.73701107 | CL26: =MAX(Phi!$F32:$F34) -> 0.71750212 | CM26: =MAX(Phi!$F35:$F37) -> 0.7220664 | CN26: =MAX(Phi!$G32:$G34) -> 0.73442733 | CO26: =MAX(Phi!$G35:$G37) -> 0.72850746 | CP26: =MAX(Phi!$H32:$H34) -> 0.40463458 | CQ26: =MAX(Phi!$H35:$H37) -> 0.42622951 | CR26: =MAX(Phi!$I32:$I34) -> 0.13432836 | CS26: =MAX(Phi!$I35:$I37) -> 0.13142376
A27: Diferenças (Maior - Menor) | B27: =SUM(B22, -C22) -> -0.0014692553 | D27: =SUM(D22, -E22) -> -0.010642171 | F27: =SUM(F22, -G22) -> -0.0089707375 | H27: =SUM(H22, -I22) -> -0.0081363916 | J27: =SUM(J22, -K22) -> -0.002085064 | L27: =SUM(L22, -M22) -> -0.0054213686 | O27: Diferenças (Maior - Menor) | P27: =SUM(P22, -Q22) -> -0.00073057396 | R27: =SUM(R22, -S22) -> -0.012315333 | T27: =SUM(T22, -U22) -> -0.014491439 | V27: =SUM(V22, -W22) -> -0.012639821 | X27: =SUM(X22, -Y22) -> -0.014375331 | Z27: =SUM(Z22, -AA22) -> -0.0054213686 | AC27: Diferenças (Maior - Menor) | AD27: =SUM(AD22, -AE22) -> -0.010430363 | AF27: =SUM(AF22, -AG22) -> -0.0074955821 | AH27: =SUM(AH22, -AI22) -> -0.00783813 | AJ27: =SUM(AJ22, -AK22) -> -0.0075131059 | AL27: =SUM(AL22, -AM22) -> -0.032703938 | AN27: =SUM(AN22, -AO22) -> -0.011675511 | AQ27: Diferenças (Maior - Menor) | AR27: =SUM(AR22, -AS22) -> -0.020399773 | AT27: =SUM(AT22, -AU22) -> -0.010642171 | AV27: =SUM(AV22, -AW22) -> -0.005726397 | AX27: =SUM(AX22, -AY22) -> -0.0081363916 | AZ27: =SUM(AZ22, -BA22) -> -0.046353102 | BB27: =SUM(BB22, -BC22) -> -0.037273339 | BE27: Diferenças (Maior - Menor) | BF27: =SUM(BF22, -BG22) -> -0.0061980345 | BH27: =SUM(BH22, -BI22) -> -0.0023131371 | BJ27: =SUM(BJ22, -BK22) -> -0.0022546053 | BL27: =SUM(BL22, -BM22) -> -0.0022836328 | BN27: =SUM(BN22, -BO22) -> -0.0092136407 | BP27: =SUM(BP22, -BQ22) -> -0.0074934605 | BS27: Diferenças (Maior - Menor) | BT27: =SUM(BT22, -BU22) -> -0.029095148 | BV27: =SUM(BV22, -BW22) -> -0.01951468 | BX27: =SUM(BX22, -BY22) -> -0.01795423 | BZ27: =SUM(BZ22, -CA22) -> -0.017793119 | CB27: =SUM(CB22, -CC22) -> -0.050992856 | CD27: =SUM(CD22, -CE22) -> -0.033488464 | CG27: Diferenças (Maior - Menor) | CH27: =SUM(CH22, -CI22) -> 0.013674408 | CJ27: =SUM(CJ22, -CK22) -> -0.0063239336 | CL27: =SUM(CL22, -CM22) -> -0.0039365888 | CN27: =SUM(CN22, -CO22) -> -0.0050888062 | CP27: =SUM(CP22, -CQ22) -> 0.0059784072 | CR27: =SUM(CR22, -CS22) -> 0.0023478814
B28: =SUM(B23, -C23) -> -0.039913121 | D28: =SUM(D23, -E23) -> -0.013588846 | F28: =SUM(F23, -G23) -> 0 | H28: =SUM(H23, -I23) -> -0.0038471818 | J28: =SUM(J23, -K23) -> -0.084974225 | L28: =SUM(L23, -M23) -> -0.049004824 | P28: =SUM(P23, -Q23) -> 0.027176939 | R28: =SUM(R23, -S23) -> 0.011292815 | T28: =SUM(T23, -U23) -> 0.028296173 | V28: =SUM(V23, -W23) -> 0.019921958 | X28: =SUM(X23, -Y23) -> 0.057126174 | Z28: =SUM(Z23, -AA23) -> 0.021404324 | AD28: =SUM(AD23, -AE23) -> 0.014784261 | AF28: =SUM(AF23, -AG23) -> -0.005315125 | AH28: =SUM(AH23, -AI23) -> 0.012896776 | AJ28: =SUM(AJ23, -AK23) -> 0.0041941404 | AL28: =SUM(AL23, -AM23) -> 0.03815655 | AN28: =SUM(AN23, -AO23) -> 0.012819729 | AR28: =SUM(AR23, -AS23) -> 0.031812134 | AT28: =SUM(AT23, -AU23) -> 0.011697471 | AV28: =SUM(AV23, -AW23) -> 0.02501893 | AX28: =SUM(AX23, -AY23) -> 0.018536091 | AZ28: =SUM(AZ23, -BA23) -> 0.058627991 | BB28: =SUM(BB23, -BC23) -> 0.0064090423 | BF28: =SUM(BF23, -BG23) -> 0.035126203 | BH28: =SUM(BH23, -BI23) -> 0.0022414923 | BJ28: =SUM(BJ23, -BK23) -> 0.014075816 | BL28: =SUM(BL23, -BM23) -> 0.0059844255 | BN28: =SUM(BN23, -BO23) -> 0.06063568 | BP28: =SUM(BP23, -BQ23) -> 0.0052941683 | BT28: =SUM(BT23, -BU23) -> 0.036337494 | BV28: =SUM(BV23, -BW23) -> 0.0042069554 | BX28: =SUM(BX23, -BY23) -> 0.0082916021 | BZ28: =SUM(BZ23, -CA23) -> 0.00629282 | CB28: =SUM(CB23, -CC23) -> 0.022905932 | CD28: =SUM(CD23, -CE23) -> 0.0035296907 | CH28: =SUM(CH23, -CI23) -> 0.02353142 | CJ28: =SUM(CJ23, -CK23) -> -0.0011496544 | CL28: =SUM(CL23, -CM23) -> 0.01802963 | CN28: =SUM(CN23, -CO23) -> 0.0079476833 | CP28: =SUM(CP23, -CQ23) -> 0.032484509 | CR28: =SUM(CR23, -CS23) -> -0.016280301
B29: =SUM(B24, -C24) -> 0.011755311 | D29: =SUM(D24, -E24) -> 0.027284145 | F29: =SUM(F24, -G24) -> 0.0076411366 | H29: =SUM(H24, -I24) -> 0.012927651 | J29: =SUM(J24, -K24) -> -0.012594076 | L29: =SUM(L24, -M24) -> 0.0069245002 | P29: =SUM(P24, -Q24) -> 0.0043279448 | R29: =SUM(R24, -S24) -> 0.0053265691 | T29: =SUM(T24, -U24) -> 0.00067329407 | V29: =SUM(V24, -W24) -> 0.001329422 | X29: =SUM(X24, -Y24) -> -0.010274269 | Z29: =SUM(Z24, -AA24) -> 0.003668092 | AD29: =SUM(AD24, -AE24) -> 0.016772856 | AF29: =SUM(AF24, -AG24) -> 0.0048023462 | AH29: =SUM(AH24, -AI24) -> 0.0021197796 | AJ29: =SUM(AJ24, -AK24) -> 0.0011940598 | AL29: =SUM(AL24, -AM24) -> -0.029943742 | AN29: =SUM(AN24, -AO24) -> 0.0016891082 | AR29: =SUM(AR24, -AS24) -> 0.00032549792 | AT29: =SUM(AT24, -AU24) -> 0.027284145 | AV29: =SUM(AV24, -AW24) -> 0.011905193 | AX29: =SUM(AX24, -AY24) -> 0.014138341 | AZ29: =SUM(AZ24, -BA24) -> 0.0068947263 | BB29: =SUM(BB24, -BC24) -> 0.0057101212 | BF29: =SUM(BF24, -BG24) -> 0.022824605 | BH29: =SUM(BH24, -BI24) -> 0.018023849 | BJ29: =SUM(BJ24, -BK24) -> 0.012327135 | BL29: =SUM(BL24, -BM24) -> 0.010884047 | BN29: =SUM(BN24, -BO24) -> 0.007087257 | BP29: =SUM(BP24, -BQ24) -> 0.018669268 | BT29: =SUM(BT24, -BU24) -> 0.023588838 | BV29: =SUM(BV24, -BW24) -> 0.017506599 | BX29: =SUM(BX24, -BY24) -> 0.010014474 | BZ29: =SUM(BZ24, -CA24) -> 0.013441265 | CB29: =SUM(CB24, -CC24) -> -0.005086072 | CD29: =SUM(CD24, -CE24) -> 0.019670401 | CH29: =SUM(CH24, -CI24) -> 0.002688895 | CJ29: =SUM(CJ24, -CK24) -> 0.022745669 | CL29: =SUM(CL24, -CM24) -> 0.0055693388 | CN29: =SUM(CN24, -CO24) -> 0.0103423 | CP29: =SUM(CP24, -CQ24) -> -0.012594076 | CR29: =SUM(CR24, -CS24) -> 0.0069245002
B30: =SUM(B25, -C25) -> -0.0032135747 | D30: =SUM(D25, -E25) -> 0.011346042 | F30: =SUM(F25, -G25) -> 0.00084775686 | H30: =SUM(H25, -I25) -> 0.011520207 | J30: =SUM(J25, -K25) -> -0.025459907 | L30: =SUM(L25, -M25) -> -0.013548698 | P30: =SUM(P25, -Q25) -> 0.016353714 | R30: =SUM(R25, -S25) -> 0.01931572 | T30: =SUM(T25, -U25) -> 0.0016871095 | V30: =SUM(V25, -W25) -> 0.015563309 | X30: =SUM(X25, -Y25) -> -0.019342326 | Z30: =SUM(Z25, -AA25) -> 0.0095890936 | AD30: =SUM(AD25, -AE25) -> 0.0078169206 | AF30: =SUM(AF25, -AG25) -> 0.012789667 | AH30: =SUM(AH25, -AI25) -> 0.0013265014 | AJ30: =SUM(AJ25, -AK25) -> 0.0069891214 | AL30: =SUM(AL25, -AM25) -> -0.038002835 | AN30: =SUM(AN25, -AO25) -> 0.0014406038 | AR30: =SUM(AR25, -AS25) -> -0.0032135747 | AT30: =SUM(AT25, -AU25) -> 0.00073307753 | AV30: =SUM(AV25, -AW25) -> -0.0060375929 | AX30: =SUM(AX25, -AY25) -> 0.002815187 | AZ30: =SUM(AZ25, -BA25) -> -0.056259291 | BB30: =SUM(BB25, -BC25) -> -0.018344612 | BF30: =SUM(BF25, -BG25) -> 0.0078839588 | BH30: =SUM(BH25, -BI25) -> 0.013903856 | BJ30: =SUM(BJ25, -BK25) -> 0.003683269 | BL30: =SUM(BL25, -BM25) -> 0.008530736 | BN30: =SUM(BN25, -BO25) -> -0.013883036 | BP30: =SUM(BP25, -BQ25) -> 0.0060543036 | BT30: =SUM(BT25, -BU25) -> 0.0056697839 | BV30: =SUM(BV25, -BW25) -> 0.02092737 | BX30: =SUM(BX25, -BY25) -> 0.0093583465 | BZ30: =SUM(BZ25, -CA25) -> 0.019589663 | CB30: =SUM(CB25, -CC25) -> 0.0077796905 | CD30: =SUM(CD25, -CE25) -> 0.017157868 | CH30: =SUM(CH25, -CI25) -> -0.0016640177 | CJ30: =SUM(CJ25, -CK25) -> 0.019413829 | CL30: =SUM(CL25, -CM25) -> 0.0080766082 | CN30: =SUM(CN25, -CO25) -> 0.014725804 | CP30: =SUM(CP25, -CQ25) -> -0.025459907 | CR30: =SUM(CR25, -CS25) -> -0.0046035806
B31: =SUM(B26, -C26) -> -0.0053148285 | D31: =SUM(D26, -E26) -> 0.012738824 | F31: =SUM(F26, -G26) -> -0.0036489367 | H31: =SUM(H26, -I26) -> 0.0054634809 | J31: =SUM(J26, -K26) -> -0.021594927 | L31: =SUM(L26, -M26) -> 0.0029046008 | P31: =SUM(P26, -Q26) -> -0.010650186 | R31: =SUM(R26, -S26) -> 0.00658077 | T31: =SUM(T26, -U26) -> -0.0036489367 | V31: =SUM(V26, -W26) -> 0.0016520023 | X31: =SUM(X26, -Y26) -> -0.038810531 | Z31: =SUM(Z26, -AA26) -> 0.0047894324 | AD31: =SUM(AD26, -AE26) -> -0.011780408 | AF31: =SUM(AF26, -AG26) -> 0.0025399923 | AH31: =SUM(AH26, -AI26) -> -0.0040864944 | AJ31: =SUM(AJ26, -AK26) -> 0.0025978684 | AL31: =SUM(AL26, -AM26) -> -0.02387498 | AN31: =SUM(AN26, -AO26) -> 0.0048294693 | AR31: =SUM(AR26, -AS26) -> -0.014030333 | AT31: =SUM(AT26, -AU26) -> 0.012738824 | AV31: =SUM(AV26, -AW26) -> -0.0011008382 | AX31: =SUM(AX26, -AY26) -> 0.0089652538 | AZ31: =SUM(AZ26, -BA26) -> -0.040761107 | BB31: =SUM(BB26, -BC26) -> -0.013898001 | BF31: =SUM(BF26, -BG26) -> -0.0083486682 | BH31: =SUM(BH26, -BI26) -> 0.0024770498 | BJ31: =SUM(BJ26, -BK26) -> -0.0085888505 | BL31: =SUM(BL26, -BM26) -> -0.0021024942 | BN31: =SUM(BN26, -BO26) -> -0.029355316 | BP31: =SUM(BP26, -BQ26) -> 0.0040095025 | BT31: =SUM(BT26, -BU26) -> -0.0053148285 | BV31: =SUM(BV26, -BW26) -> -0.00066649914 | BX31: =SUM(BX26, -BY26) -> -0.012381434 | BZ31: =SUM(BZ26, -CA26) -> -0.0048733354 | CB31: =SUM(CB26, -CC26) -> -0.020898689 | CD31: =SUM(CD26, -CE26) -> 0.001992866 | CH31: =SUM(CH26, -CI26) -> -0.006815246 | CJ31: =SUM(CJ26, -CK26) -> 0.015159249 | CL31: =SUM(CL26, -CM26) -> -0.0045642853 | CN31: =SUM(CN26, -CO26) -> 0.0059198737 | CP31: =SUM(CP26, -CQ26) -> -0.021594927 | CR31: =SUM(CR26, -CS26) -> 0.0029046008
B33: rougeL | D33: rougeLsum | F33: CTC_groundness | H33: CTC_groundness_ref | J33: CTC_factual | L33: CTC_factual_ref | P33: rougeL | R33: rougeLsum | T33: CTC_groundness | V33: CTC_groundness_ref | X33: CTC_factual | Z33: CTC_factual_ref | AD33: rougeL | AF33: rougeLsum | AH33: CTC_groundness | AJ33: CTC_groundness_ref | AL33: CTC_factual | AN33: CTC_factual_ref | AR33: rougeL | AT33: rougeLsum | AV33: CTC_groundness | AX33: CTC_groundness_ref | AZ33: CTC_factual | BB33: CTC_factual_ref | BF33: rougeL | BH33: rougeLsum | BJ33: CTC_groundness | BL33: CTC_groundness_ref | BN33: CTC_factual | BP33: CTC_factual_ref | BT33: rougeL | BV33: rougeLsum | BX33: CTC_groundness | BZ33: CTC_groundness_ref | CB33: CTC_factual | CD33: CTC_factual_ref | CH33: rougeL | CJ33: rougeLsum | CL33: CTC_groundness | CN33: CTC_groundness_ref | CP33: CTC_factual | CR33: CTC_factual_ref
B34: Modelo Maior | C34: Modelo Menor | D34: Modelo Maior | E34: Modelo Menor | F34: Modelo Maior | G34: Modelo Menor | H34: Modelo Maior | I34: Modelo Menor | J34: Modelo Maior | K34: Modelo Menor | L34: Modelo Maior | M34: Modelo Menor | P34: Modelo Maior | Q34: Modelo Menor | R34: Modelo Maior | S34: Modelo Menor | T34: Modelo Maior | U34: Modelo Menor | V34: Modelo Maior | W34: Modelo Menor | X34: Modelo Maior | Y34: Modelo Menor | Z34: Modelo Maior | AA34: Modelo Menor | AD34: Modelo Maior | AE34: Modelo Menor | AF34: Modelo Maior | AG34: Modelo Menor | AH34: Modelo Maior | AI34: Modelo Menor | AJ34: Modelo Maior | AK34: Modelo Menor | AL34: Modelo Maior | AM34: Modelo Menor | AN34: Modelo Maior | AO34: Modelo Menor | AR34: Modelo Maior | AS34: Modelo Menor | AT34: Modelo Maior | AU34: Modelo Menor | AV34: Modelo Maior | AW34: Modelo Menor | AX34: Modelo Maior | AY34: Modelo Menor | AZ34: Modelo Maior | BA34: Modelo Menor | BB34: Modelo Maior | BC34: Modelo Menor | BF34: Modelo Maior | BG34: Modelo Menor | BH34: Modelo Maior | BI34: Modelo Menor | BJ34: Modelo Maior | BK34: Modelo Menor | BL34: Modelo Maior | BM34: Modelo Menor | BN34: Modelo Maior | BO34: Modelo Menor | BP34: Modelo Maior | BQ34: Modelo Menor | BT34: Modelo Maior | BU34: Modelo Menor | BV34: Modelo Maior | BW34: Modelo Menor | BX34: Modelo Maior | BY34: Modelo Menor | BZ34: Modelo Maior | CA34: Modelo Menor | CB34: Modelo Maior | CC34: Modelo Menor | CD34: Modelo Maior | CE34: Modelo Menor | CH34: Modelo Maior | CI34: Modelo Menor | CJ34: Modelo Maior | CK34: Modelo Menor | CL34: Modelo Maior | CM34: Modelo Menor | CN34: Modelo Maior | CO34: Modelo Menor | CP34: Modelo Maior | CQ34: Modelo Menor | CR34: Modelo Maior | CS34: Modelo Menor
A35: Gemma | B35: =MAX(metricas_media!J20:J37) -> 0.19985724 | C35: =MAX(metricas_media!J38:J55) -> 0.21813224 | D35: =MAX(metricas_media!K20:K37) -> 0.29538905 | E35: =MAX(metricas_media!K38:K55) -> 0.27586207 | F35: =MAX(metricas_media!L20:L37) -> 0 | G35: =MAX(metricas_media!L38:L55) -> 0 | H35: =MAX(metricas_media!M20:M37) -> 0 | I35: =MAX(metricas_media!M38:M55) -> 0 | J35: =MAX(metricas_media!N20:N37) -> 0.99999994 | K35: =MAX(metricas_media!N38:N55) -> 0.99999994 | L35: =MAX(metricas_media!O20:O37) -> 0.99999994 | M35: =MAX(metricas_media!O38:O55) -> 0.99999994 | O35: Gemma | P35: =MAX(Gemma!J2:J4) -> 0.17884131 | Q35: =MAX(Gemma!J5:J7) -> 0.20470439 | R35: =MAX(Gemma!K2:K4) -> 0.26952141 | S35: =MAX(Gemma!K5:K7) -> 0.26526592 | T35: =MAX(Gemma!L2:L4) -> 0 | U35: =MAX(Gemma!L5:L7) -> 0 | V35: =MAX(Gemma!M2:M4) -> 0 | W35: =MAX(Gemma!M5:M7) -> 0 | X35: =MAX(Gemma!N2:N4) -> 0.99999994 | Y35: =MAX(Gemma!N5:N7) -> 0.99999994 | Z35: =MAX(Gemma!O2:O4) -> 0.82713348 | AA35: =MAX(Gemma!O5:O7) -> 0.82713348 | AC35: Gemma | AD35: =MAX(Gemma!$J8:$J10) -> 0.17300131 | AE35: =MAX(Gemma!$J11:$J13) -> 0.19723866 | AF35: =MAX(Gemma!$K8:$K10) -> 0.26120858 | AG35: =MAX(Gemma!$K11:$K13) -> 0.25984252 | AH35: =MAX(Gemma!$L8:$L10) -> 0 | AI35: =MAX(Gemma!$L11:$L13) -> 0 | AJ35: =MAX(Gemma!$M8:$M10) -> 0 | AK35: =MAX(Gemma!$M11:$M13) -> 0 | AL35: =MAX(Gemma!$N8:$N10) -> 0.99999994 | AM35: =MAX(Gemma!$N11:$N13) -> 0.99999994 | AN35: =MAX(Gemma!$O8:$O10) -> 0.55453807 | AO35: =MAX(Gemma!$O11:$O13) -> 0.55453807 | AQ35: Gemma | AR35: =MAX(Gemma!$J14:$J16) -> 0.19157609 | AS35: =MAX(Gemma!$J17:$J19) -> 0.21813224 | AT35: =MAX(Gemma!$K14:$K16) -> 0.26494565 | AU35: =MAX(Gemma!$K17:$K19) -> 0.26258503 | AV35: =MAX(Gemma!$L14:$L16) -> 0 | AW35: =MAX(Gemma!$L17:$L19) -> 0 | AX35: =MAX(Gemma!$M14:$M16) -> 0 | AY35: =MAX(Gemma!$M17:$M19) -> 0 | AZ35: =MAX(Gemma!$N14:$N16) -> 0.99999994 | BA35: =MAX(Gemma!$N17:$N19) -> 0.99999994 | BB35: =MAX(Gemma!$O14:$O16) -> 0.99999994 | BC35: =MAX(Gemma!$O17:$O19) -> 0.99999994 | BE35: Gemma | BF35: =MAX(Gemma!$J20:$J22) -> 0.19117647 | BG35: =MAX(Gemma!$J23:$J25) -> 0.21158301 | BH35: =MAX(Gemma!$K20:$K22) -> 0.26911765 | BI35: =MAX(Gemma!$K23:$K25) -> 0.27335907 | BJ35: =MAX(Gemma!$L20:$L22) -> 0 | BK35: =MAX(Gemma!$L23:$L25) -> 0 | BL35: =MAX(Gemma!$M20:$M22) -> 0 | BM35: =MAX(Gemma!$M23:$M25) -> 0 | BN35: =MAX(Gemma!$N20:$N22) -> 0.99999994 | BO35: =MAX(Gemma!$N23:$N25) -> 0.99999994 | BP35: =MAX(Gemma!$O20:$O22) -> 0.99999994 | BQ35: =MAX(Gemma!$O23:$O25) -> 0.99999994 | BS35: Gemma | BT35: =MAX(Gemma!$J26:$J28) -> 0.17859892 | BU35: =MAX(Gemma!$J29:$J31) -> 0.20401855 | BV35: =MAX(Gemma!$K26:$K28) -> 0.28021555 | BW35: =MAX(Gemma!$K29:$K31) -> 0.27586207 | BX35: =MAX(Gemma!$L26:$L28) -> 0 | BY35: =MAX(Gemma!$L29:$L31) -> 0 | BZ35: =MAX(Gemma!$M26:$M28) -> 0 | CA35: =MAX(Gemma!$M29:$M31) -> 0 | CB35: =MAX(Gemma!$N26:$N28) -> 0.99999994 | CC35: =MAX(Gemma!$N29:$N31) -> 0.99999994 | CD35: =MAX(Gemma!$O26:$O28) -> 0.99999994 | CE35: =MAX(Gemma!$O29:$O31) -> 0.99999994 | CG35: Gemma | CH35: =MAX(Gemma!$J32:$J34) -> 0.19985724 | CI35: =MAX(Gemma!$J35:$J37) -> 0.21356421 | CJ35: =MAX(Gemma!$K32:$K34) -> 0.29538905 | CK35: =MAX(Gemma!$K35:$K37) -> 0.27245509 | CL35: =MAX(Gemma!$L32:$L34) -> 0 | CM35: =MAX(Gemma!$L35:$L37) -> 0 | CN35: =MAX(Gemma!$M32:$M34) -> 0 | CO35: =MAX(Gemma!$M35:$M37) -> 0 | CP35: =MAX(Gemma!$N32:$N34) -> 0.99999994 | CQ35: =MAX(Gemma!$N35:$N37) -> 0.99999994 | CR35: =MAX(Gemma!$O32:$O34) -> 0.99999994 | CS35: =MAX(Gemma!$O35:$O37) -> 0.99999994
A36: Qwen | B36: =MAX(metricas_media!J182:J199) -> 0.19196429 | C36: =MAX(metricas_media!J37:J200) -> 0.21813224 | D36: =MAX(metricas_media!K182:K199) -> 0.26825397 | E36: =MAX(metricas_media!K37:K200) -> 0.29538905 | F36: =MAX(metricas_media!L182:L199) -> 0.7023139 | G36: =MAX(metricas_media!L37:L200) -> 0.82713348 | H36: =MAX(metricas_media!M182:M199) -> 0.7023139 | I36: =MAX(metricas_media!M37:M200) -> 1 | J36: =MAX(metricas_media!N182:N199) -> 0.99999994 | K36: =MAX(metricas_media!N37:N200) -> 0.99999994 | L36: =MAX(metricas_media!O182:O199) -> 0.99999994 | M36: =MAX(metricas_media!O37:O200) -> 1 | O36: Qwen | P36: =MAX(Qwen!J2:J4) -> 0.17415342 | Q36: =MAX(Qwen!J5:J7) -> 0.16042781 | R36: =MAX(Qwen!K2:K4) -> 0.25431928 | S36: =MAX(Qwen!K5:K7) -> 0.21237586 | T36: =MAX(Qwen!L2:L4) -> 0.7023139 | U36: =MAX(Qwen!L5:L7) -> 0 | V36: =MAX(Qwen!M2:M4) -> 0.6929934 | W36: =MAX(Qwen!M5:M7) -> 0 | X36: =MAX(Qwen!N2:N4) -> 0.99999994 | Y36: =MAX(Qwen!N5:N7) -> 0.82775801 | Z36: =MAX(Qwen!O2:O4) -> 0.82713348 | AA36: =MAX(Qwen!O5:O7) -> 0.84644145 | AC36: Qwen | AD36: =MAX(Qwen!$J8:$J10) -> 0.17167382 | AE36: =MAX(Qwen!$J11:$J13) -> 0.15555556 | AF36: =MAX(Qwen!$K8:$K10) -> 0.22895126 | AG36: =MAX(Qwen!$K11:$K13) -> 0.20016543 | AH36: =MAX(Qwen!$L8:$L10) -> 0.7023139 | AI36: =MAX(Qwen!$L11:$L13) -> 0 | AJ36: =MAX(Qwen!$M8:$M10) -> 0.64298242 | AK36: =MAX(Qwen!$M11:$M13) -> 0 | AL36: =MAX(Qwen!$N8:$N10) -> 0.99999994 | AM36: =MAX(Qwen!$N11:$N13) -> 0.82775801 | AN36: =MAX(Qwen!$O8:$O10) -> 0.64298242 | AO36: =MAX(Qwen!$O11:$O13) -> 0.56720084 | AQ36: Qwen | AR36: =MAX(Qwen!$J14:$J16) -> 0.19196429 | AS36: =MAX(Qwen!$J17:$J19) -> 0.16915423 | AT36: =MAX(Qwen!$K14:$K16) -> 0.25595238 | AU36: =MAX(Qwen!$K17:$K19) -> 0.24378109 | AV36: =MAX(Qwen!$L14:$L16) -> 0.7023139 | AW36: =MAX(Qwen!$L17:$L19) -> 0 | AX36: =MAX(Qwen!$M14:$M16) -> 0.7023139 | AY36: =MAX(Qwen!$M17:$M19) -> 0 | AZ36: =MAX(Qwen!$N14:$N16) -> 0.99999994 | BA36: =MAX(Qwen!$N17:$N19) -> 0.82775801 | BB36: =MAX(Qwen!$O14:$O16) -> 0.99999994 | BC36: =MAX(Qwen!$O17:$O19) -> 0.82775801 | BE36: Qwen | BF36: =MAX(Qwen!$J20:$J22) -> 0.17391304 | BG36: =MAX(Qwen!$J23:$J25) -> 0.17087379 | BH36: =MAX(Qwen!$K20:$K22) -> 0.2559475 | BI36: =MAX(Qwen!$K23:$K25) -> 0.21646624 | BJ36: =MAX(Qwen!$L20:$L22) -> 0.7023139 | BK36: =MAX(Qwen!$L23:$L25) -> 0 | BL36: =MAX(Qwen!$M20:$M22) -> 0.7023139 | BM36: =MAX(Qwen!$M23:$M25) -> 0 | BN36: =MAX(Qwen!$N20:$N22) -> 0.99999994 | BO36: =MAX(Qwen!$N23:$N25) -> 0.82775801 | BP36: =MAX(Qwen!$O20:$O22) -> 0.99999994 | BQ36: =MAX(Qwen!$O23:$O25) -> 0.82775801 | BS36: Qwen | BT36: =MAX(Qwen!$J26:$J28) -> 0.18616567 | BU36: =MAX(Qwen!$J29:$J31) -> 0.18329939 | BV36: =MAX(Qwen!$K26:$K28) -> 0.26131512 | BW36: =MAX(Qwen!$K29:$K31) -> 0.23620523 | BX36: =MAX(Qwen!$L26:$L28) -> 0.7023139 | BY36: =MAX(Qwen!$L29:$L31) -> 0 | BZ36: =MAX(Qwen!$M26:$M28) -> 0.7023139 | CA36: =MAX(Qwen!$M29:$M31) -> 0 | CB36: =MAX(Qwen!$N26:$N28) -> 0.99999994 | CC36: =MAX(Qwen!$N29:$N31) -> 0.82775801 | CD36: =MAX(Qwen!$O26:$O28) -> 0.99999994 | CE36: =MAX(Qwen!$O29:$O31) -> 0.82775801 | CG36: Qwen | CH36: =MAX(Qwen!$J32:$J34) -> 0.18421053 | CI36: =MAX(Qwen!$J35:$J37) -> 0.19073084 | CJ36: =MAX(Qwen!$K32:$K34) -> 0.26825397 | CK36: =MAX(Qwen!$K35:$K37) -> 0.25490196 | CL36: =MAX(Qwen!$L32:$L34) -> 0.7023139 | CM36: =MAX(Qwen!$L35:$L37) -> 0 | CN36: =MAX(Qwen!$M32:$M34) -> 0.7023139 | CO36: =MAX(Qwen!$M35:$M37) -> 0 | CP36: =MAX(Qwen!$N32:$N34) -> 0.99999994 | CQ36: =MAX(Qwen!$N35:$N37) -> 0.82775801 | CR36: =MAX(Qwen!$O32:$O34) -> 0.99999994 | CS36: =MAX(Qwen!$O35:$O37) -> 0.82775801
A37: Llama | B37: =MAX(metricas_media!J74:J91) -> 0.21371841 | C37: =MAX(metricas_media!J92:J109) -> 0.2055336 | D37: =MAX(metricas_media!K74:K91) -> 0.2940776 | E37: =MAX(metricas_media!K92:K109) -> 0.27475593 | F37: =MAX(metricas_media!L74:L91) -> 0 | G37: =MAX(metricas_media!L92:L109) -> 0 | H37: =MAX(metricas_media!M74:M91) -> 0 | I37: =MAX(metricas_media!M92:M109) -> 0 | J37: =MAX(metricas_media!N74:N91) -> 0.99999994 | K37: =MAX(metricas_media!N92:N109) -> 0.99999994 | L37: =MAX(metricas_media!O74:O91) -> 0.99999994 | M37: =MAX(metricas_media!O92:O109) -> 0.99999994 | O37: Llama | P37: =MAX(Llama!J2:J4) -> 0.19323672 | Q37: =MAX(Llama!J5:J7) -> 0.19370759 | R37: =MAX(Llama!K2:K4) -> 0.26690821 | S37: =MAX(Llama!K5:K7) -> 0.24631861 | T37: =MAX(Llama!L2:L4) -> 0 | U37: =MAX(Llama!L5:L7) -> 0 | V37: =MAX(Llama!M2:M4) -> 0 | W37: =MAX(Llama!M5:M7) -> 0 | X37: =MAX(Llama!N2:N4) -> 0.99999994 | Y37: =MAX(Llama!N5:N7) -> 0.99999994 | Z37: =MAX(Llama!O2:O4) -> 0.82713348 | AA37: =MAX(Llama!O5:O7) -> 0.82713348 | AC37: Llama | AD37: =MAX(Llama!$J8:$J10) -> 0.18419415 | AE37: =MAX(Llama!$J11:$J13) -> 0.20066445 | AF37: =MAX(Llama!$K8:$K10) -> 0.25015557 | AG37: =MAX(Llama!$K11:$K13) -> 0.2366782 | AH37: =MAX(Llama!$L8:$L10) -> 0 | AI37: =MAX(Llama!$L11:$L13) -> 0 | AJ37: =MAX(Llama!$M8:$M10) -> 0 | AK37: =MAX(Llama!$M11:$M13) -> 0 | AL37: =MAX(Llama!$N8:$N10) -> 0.99999994 | AM37: =MAX(Llama!$N11:$N13) -> 0.99999994 | AN37: =MAX(Llama!$O8:$O10) -> 0.55453807 | AO37: =MAX(Llama!$O11:$O13) -> 0.55453807 | AQ37: Llama | AR37: =MAX(Llama!$J14:$J16) -> 0.21371841 | AS37: =MAX(Llama!$J17:$J19) -> 0.2055336 | AT37: =MAX(Llama!$K14:$K16) -> 0.28074694 | AU37: =MAX(Llama!$K17:$K19) -> 0.24374177 | AV37: =MAX(Llama!$L14:$L16) -> 0 | AW37: =MAX(Llama!$L17:$L19) -> 0 | AX37: =MAX(Llama!$M14:$M16) -> 0 | AY37: =MAX(Llama!$M17:$M19) -> 0 | AZ37: =MAX(Llama!$N14:$N16) -> 0.99999994 | BA37: =MAX(Llama!$N17:$N19) -> 0.99999994 | BB37: =MAX(Llama!$O14:$O16) -> 0.99999994 | BC37: =MAX(Llama!$O17:$O19) -> 0.99999994 | BE37: Llama | BF37: =MAX(Llama!$J20:$J22) -> 0.19025157 | BG37: =MAX(Llama!$J23:$J25) -> 0.19095477 | BH37: =MAX(Llama!$K20:$K22) -> 0.26330532 | BI37: =MAX(Llama!$K23:$K25) -> 0.26130653 | BJ37: =MAX(Llama!$L20:$L22) -> 0 | BK37: =MAX(Llama!$L23:$L25) -> 0 | BL37: =MAX(Llama!$M20:$M22) -> 0 | BM37: =MAX(Llama!$M23:$M25) -> 0 | BN37: =MAX(Llama!$N20:$N22) -> 0.99999994 | BO37: =MAX(Llama!$N23:$N25) -> 0.99999994 | BP37: =MAX(Llama!$O20:$O22) -> 0.99999994 | BQ37: =MAX(Llama!$O23:$O25) -> 0.99999994 | BS37: Llama | BT37: =MAX(Llama!$J26:$J28) -> 0.20132013 | BU37: =MAX(Llama!$J29:$J31) -> 0.20371747 | BV37: =MAX(Llama!$K26:$K28) -> 0.27826087 | BW37: =MAX(Llama!$K29:$K31) -> 0.272578 | BX37: =MAX(Llama!$L26:$L28) -> 0 | BY37: =MAX(Llama!$L29:$L31) -> 0 | BZ37: =MAX(Llama!$M26:$M28) -> 0 | CA37: =MAX(Llama!$M29:$M31) -> 0 | CB37: =MAX(Llama!$N26:$N28) -> 0.99999994 | CC37: =MAX(Llama!$N29:$N31) -> 0.99999994 | CD37: =MAX(Llama!$O26:$O28) -> 0.99999994 | CE37: =MAX(Llama!$O29:$O31) -> 0.99999994 | CG37: Llama | CH37: =MAX(Llama!$J32:$J34) -> 0.2121445 | CI37: =MAX(Llama!$J35:$J37) -> 0.19944212 | CJ37: =MAX(Llama!$K32:$K34) -> 0.2940776 | CK37: =MAX(Llama!$K35:$K37) -> 0.27475593 | CL37: =MAX(Llama!$L32:$L34) -> 0 | CM37: =MAX(Llama!$L35:$L37) -> 0 | CN37: =MAX(Llama!$M32:$M34) -> 0 | CO37: =MAX(Llama!$M35:$M37) -> 0 | CP37: =MAX(Llama!$N32:$N34) -> 0.99999994 | CQ37: =MAX(Llama!$N35:$N37) -> 0.99999994 | CR37: =MAX(Llama!$O32:$O34) -> 0.99999994 | CS37: =MAX(Llama!$O35:$O37) -> 0.99999994
A38: Mixtral | B38: =MAX(metricas_media!J110:J127) -> 0.19005197 | C38: =MAX(metricas_media!J128:J145) -> 0.2005457 | D38: =MAX(metricas_media!K110:K127) -> 0.28315412 | E38: =MAX(metricas_media!K128:K145) -> 0.28770302 | F38: =MAX(metricas_media!L110:L127) -> 0 | G38: =MAX(metricas_media!L128:L145) -> 0 | H38: =MAX(metricas_media!M110:M127) -> 0 | I38: =MAX(metricas_media!M128:M145) -> 0 | J38: =MAX(metricas_media!N110:N127) -> 0.99999994 | K38: =MAX(metricas_media!N128:N145) -> 0.99999994 | L38: =MAX(metricas_media!O110:O127) -> 0.99999994 | M38: =MAX(metricas_media!O128:O145) -> 0.99999994 | O38: Mixtral | P38: =MAX(Mixtral!J2:J4) -> 0.18644068 | Q38: =MAX(Mixtral!J5:J7) -> 0.19885277 | R38: =MAX(Mixtral!K2:K4) -> 0.25136612 | S38: =MAX(Mixtral!K5:K7) -> 0.26768642 | T38: =MAX(Mixtral!L2:L4) -> 0 | U38: =MAX(Mixtral!L5:L7) -> 0 | V38: =MAX(Mixtral!M2:M4) -> 0 | W38: =MAX(Mixtral!M5:M7) -> 0 | X38: =MAX(Mixtral!N2:N4) -> 0.99999994 | Y38: =MAX(Mixtral!N5:N7) -> 0.99999994 | Z38: =MAX(Mixtral!O2:O4) -> 0.82713348 | AA38: =MAX(Mixtral!O5:O7) -> 0.82713348 | AC38: Mixtral | AD38: =MAX(Mixtral!$J8:$J10) -> 0.18091873 | AE38: =MAX(Mixtral!$J11:$J13) -> 0.17894737 | AF38: =MAX(Mixtral!$K8:$K10) -> 0.24107744 | AG38: =MAX(Mixtral!$K11:$K13) -> 0.25526316 | AH38: =MAX(Mixtral!$L8:$L10) -> 0 | AI38: =MAX(Mixtral!$L11:$L13) -> 0 | AJ38: =MAX(Mixtral!$M8:$M10) -> 0 | AK38: =MAX(Mixtral!$M11:$M13) -> 0 | AL38: =MAX(Mixtral!$N8:$N10) -> 0.99999994 | AM38: =MAX(Mixtral!$N11:$N13) -> 0.99999994 | AN38: =MAX(Mixtral!$O8:$O10) -> 0.55453807 | AO38: =MAX(Mixtral!$O11:$O13) -> 0.55453807 | AQ38: Mixtral | AR38: =MAX(Mixtral!$J14:$J16) -> 0.18728162 | AS38: =MAX(Mixtral!$J17:$J19) -> 0.2005457 | AT38: =MAX(Mixtral!$K14:$K16) -> 0.25716385 | AU38: =MAX(Mixtral!$K17:$K19) -> 0.2728513 | AV38: =MAX(Mixtral!$L14:$L16) -> 0 | AW38: =MAX(Mixtral!$L17:$L19) -> 0 | AX38: =MAX(Mixtral!$M14:$M16) -> 0 | AY38: =MAX(Mixtral!$M17:$M19) -> 0 | AZ38: =MAX(Mixtral!$N14:$N16) -> 0.99999994 | BA38: =MAX(Mixtral!$N17:$N19) -> 0.99999994 | BB38: =MAX(Mixtral!$O14:$O16) -> 0.99999994 | BC38: =MAX(Mixtral!$O17:$O19) -> 0.99999994 | BE38: Mixtral | BF38: =MAX(Mixtral!$J20:$J22) -> 0.18683002 | BG38: =MAX(Mixtral!$J23:$J25) -> 0.18493661 | BH38: =MAX(Mixtral!$K20:$K22) -> 0.26646248 | BI38: =MAX(Mixtral!$K23:$K25) -> 0.24906786 | BJ38: =MAX(Mixtral!$L20:$L22) -> 0 | BK38: =MAX(Mixtral!$L23:$L25) -> 0 | BL38: =MAX(Mixtral!$M20:$M22) -> 0 | BM38: =MAX(Mixtral!$M23:$M25) -> 0 | BN38: =MAX(Mixtral!$N20:$N22) -> 0.99999994 | BO38: =MAX(Mixtral!$N23:$N25) -> 0.99999994 | BP38: =MAX(Mixtral!$O20:$O22) -> 0.99999994 | BQ38: =MAX(Mixtral!$O23:$O25) -> 0.99999994 | BS38: Mixtral | BT38: =MAX(Mixtral!$J26:$J28) -> 0.18996416 | BU38: =MAX(Mixtral!$J29:$J31) -> 0.19798917 | BV38: =MAX(Mixtral!$K26:$K28) -> 0.28315412 | BW38: =MAX(Mixtral!$K29:$K31) -> 0.28770302 | BX38: =MAX(Mixtral!$L26:$L28) -> 0 | BY38: =MAX(Mixtral!$L29:$L31) -> 0 | BZ38: =MAX(Mixtral!$M26:$M28) -> 0 | CA38: =MAX(Mixtral!$M29:$M31) -> 0 | CB38: =MAX(Mixtral!$N26:$N28) -> 0.99999994 | CC38: =MAX(Mixtral!$N29:$N31) -> 0.99999994 | CD38: =MAX(Mixtral!$O26:$O28) -> 0.99999994 | CE38: =MAX(Mixtral!$O29:$O31) -> 0.99999994 | CG38: Mixtral | CH38: =MAX(Mixtral!$J32:$J34) -> 0.19005197 | CI38: =MAX(Mixtral!$J35:$J37) -> 0.19392185 | CJ38: =MAX(Mixtral!$K32:$K34) -> 0.27616926 | CK38: =MAX(Mixtral!$K35:$K37) -> 0.28075253 | CL38: =MAX(Mixtral!$L32:$L34) -> 0 | CM38: =MAX(Mixtral!$L35:$L37) -> 0 | CN38: =MAX(Mixtral!$M32:$M34) -> 0 | CO38: =MAX(Mixtral!$M35:$M37) -> 0 | CP38: =MAX(Mixtral!$N32:$N34) -> 0.99999994 | CQ38: =MAX(Mixtral!$N35:$N37) -> 0.99999994 | CR38: =MAX(Mixtral!$O32:$O34) -> 0.99999994 | CS38: =MAX(Mixtral!$O35:$O37) -> 0.99999994
